carat,depth,table,pricerange,x,y,z
1.8,58.2,61.0,2,8.07,7.95,4.66
1.02,61.5,57.0,2,6.47,6.44,3.97
2.09,60.0,60.0,3,8.37,8.32,5.01
1.0,63.4,60.0,2,6.28,6.33,4.0
1.54,63.0,54.0,2,7.33,7.28,4.6
0.4,61.7,55.0,1,4.73,4.76,2.93
0.56,61.8,55.0,1,5.33,5.28,3.28
0.77,62.1,57.0,2,5.85,5.8,3.62
1.06,63.0,56.0,2,6.47,6.51,4.09
0.36,60.3,59.0,1,4.58,4.64,2.78
1.02,63.0,58.0,2,6.44,6.39,4.04
0.43,62.5,56.0,1,4.85,4.82,3.02
0.25,62.0,54.0,1,4.05,4.08,2.52
0.4,61.6,58.0,1,4.73,4.78,2.93
0.71,61.2,56.0,2,5.76,5.86,3.54
0.31,59.4,59.0,1,4.41,4.44,2.63
0.3,62.7,58.0,1,4.25,4.3,2.68
0.61,62.7,57.0,1,5.36,5.43,3.38
0.32,61.8,55.0,1,4.35,4.42,2.71
0.35,63.0,57.0,1,4.46,4.52,2.83
1.22,62.2,57.0,2,6.85,6.81,4.25
0.55,60.3,57.0,1,5.32,5.37,3.23
2.11,60.0,56.0,3,8.43,8.35,5.03
0.61,62.3,55.0,1,5.46,5.49,3.41
1.52,63.1,60.0,2,7.25,7.21,4.56
1.22,62.3,57.0,2,6.79,6.83,4.24
0.3,60.1,61.0,1,4.32,4.3,2.59
1.06,60.4,57.0,2,6.64,6.58,3.99
0.51,60.8,56.0,1,5.21,5.22,3.17
0.5,62.0,58.0,1,5.08,5.11,3.16
1.61,62.1,58.0,2,7.47,7.53,4.66
0.57,62.3,56.0,1,5.31,5.28,3.3
0.35,59.9,59.9,1,4.54,4.59,2.73
2.41,61.1,60.0,3,8.66,8.6,5.27
1.23,60.5,64.0,2,6.94,6.88,4.18
0.32,61.1,56.0,1,4.45,4.42,2.71
0.46,62.5,56.0,1,4.94,4.92,3.08
0.37,63.3,56.0,1,4.56,4.63,2.91
0.2,60.2,62.0,1,3.79,3.75,2.27
1.2,62.4,60.0,2,6.75,6.71,4.2
0.3,62.5,56.0,1,4.3,4.28,2.68
0.73,61.3,56.0,2,5.79,5.82,3.56
0.41,62.2,56.0,1,4.75,4.77,2.96
1.75,62.8,59.0,2,7.62,7.66,4.8
0.75,61.3,55.0,2,5.85,5.89,3.59
2.03,62.5,56.0,3,8.1,8.05,5.05
0.71,62.2,58.0,1,5.61,5.7,3.52
0.9,63.0,56.0,2,6.11,6.15,3.86
1.0,61.9,60.0,2,6.34,6.39,3.94
0.39,61.3,62.0,1,4.71,4.68,2.88
0.32,63.2,56.0,1,4.38,4.32,2.75
0.55,63.2,56.0,1,5.24,5.21,3.3
0.9,62.1,59.0,2,6.13,6.04,3.78
1.51,61.9,58.0,2,7.39,7.34,4.56
1.51,61.2,62.0,2,7.28,7.19,4.43
0.23,62.8,62.0,1,3.9,3.93,2.46
0.72,62.0,57.0,1,5.72,5.76,3.56
1.57,62.4,58.0,2,7.41,7.37,4.61
0.25,60.8,60.0,1,4.07,4.09,2.48
0.7,62.8,57.0,1,5.71,5.62,3.56
0.54,61.8,56.0,1,5.25,5.23,3.24
0.7,63.1,60.0,1,5.56,5.62,3.53
1.09,63.6,56.0,2,6.56,6.53,4.16
1.5,63.4,54.0,3,7.22,7.25,4.59
0.32,60.8,59.0,1,4.43,4.45,2.7
0.9,63.1,56.0,2,6.17,6.12,3.88
1.21,62.6,58.0,2,6.71,6.75,4.21
0.4,60.4,56.0,1,4.79,4.82,2.9
0.51,60.6,58.0,1,5.15,5.12,3.11
0.46,61.7,59.0,1,4.96,4.93,3.05
0.5,61.7,57.0,1,5.12,5.16,3.17
0.58,61.9,56.0,1,5.35,5.38,3.32
1.25,61.5,56.0,2,7.0,6.92,4.28
0.58,61.8,56.0,1,5.35,5.36,3.31
1.04,63.9,55.0,2,6.49,6.4,4.12
2.15,61.2,58.0,2,8.42,8.3,5.1
0.32,62.1,53.0,1,4.4,4.45,2.75
1.02,63.3,58.0,2,6.31,6.4,4.02
1.52,61.4,58.0,3,7.42,7.37,4.54
0.23,61.9,55.0,1,3.94,3.97,2.45
0.59,61.0,58.0,1,5.39,5.43,3.3
1.04,62.6,59.0,2,6.47,6.43,4.04
1.51,62.4,59.0,2,7.27,7.34,4.56
0.93,62.3,58.0,2,6.18,6.22,3.86
0.8,62.7,56.0,2,5.88,5.96,3.71
0.71,61.9,55.0,1,5.75,5.69,3.54
1.39,61.6,55.0,2,7.14,7.18,4.41
0.3,63.4,59.0,1,4.25,4.23,2.69
0.38,63.2,57.0,1,4.59,4.62,2.91
0.56,60.9,56.0,1,5.32,5.35,3.25
0.54,63.4,56.0,1,5.18,5.14,3.27
0.24,61.4,55.0,1,4.05,3.99,2.47
0.3,62.5,59.0,1,4.26,4.29,2.67
0.31,60.7,56.0,1,4.38,4.35,2.65
0.7,62.7,58.0,1,5.65,5.67,3.55
0.3,62.5,57.0,1,4.32,4.29,2.69
0.55,61.4,56.0,1,5.32,5.26,3.25
1.12,62.4,57.0,2,6.65,6.6,4.14
0.31,62.9,59.0,1,4.28,4.31,2.7
1.06,61.6,56.0,2,6.55,6.59,4.05
0.42,62.1,54.0,1,4.84,4.86,3.01
1.0,61.7,58.0,2,6.39,6.34,3.93
0.7,62.4,60.0,1,5.72,5.63,3.54
0.44,61.5,58.0,1,4.95,4.87,3.02
2.04,60.6,61.0,3,8.15,8.09,4.92
2.01,62.1,56.0,3,8.02,8.11,5.01
1.67,62.3,59.0,2,7.59,7.63,4.74
0.7,64.4,58.0,1,5.58,5.51,3.57
1.71,61.4,59.0,3,7.77,7.67,4.74
0.32,62.5,57.0,1,4.35,4.39,2.73
0.31,60.4,57.0,1,4.37,4.4,2.65
1.25,61.5,59.0,2,6.91,6.95,4.26
1.7,60.5,57.0,2,7.74,7.84,4.71
0.37,61.2,60.0,1,4.63,4.58,2.82
0.4,61.1,56.0,1,4.78,4.81,2.93
1.0,57.9,62.0,2,6.55,6.58,3.8
0.71,61.9,62.0,1,5.69,5.72,3.53
0.71,59.2,58.0,1,5.87,5.82,3.46
0.44,61.7,54.0,1,4.9,4.92,3.03
0.36,62.6,57.0,1,4.5,4.54,2.83
0.58,58.5,55.0,1,5.52,5.39,3.19
2.01,62.1,55.0,3,8.12,8.08,5.03
1.19,60.2,57.0,2,6.87,6.84,4.13
0.59,60.9,57.0,2,5.4,5.43,3.3
1.21,62.5,58.0,2,6.75,6.72,4.21
0.26,62.4,58.0,1,4.07,4.04,2.53
0.62,61.6,56.0,1,5.48,5.51,3.38
0.24,61.9,59.0,1,3.98,4.0,2.47
0.52,60.5,56.0,1,5.27,5.21,3.17
0.3,61.9,57.0,1,4.28,4.31,2.66
0.96,58.2,58.0,2,6.52,6.47,3.78
0.32,63.2,55.0,1,4.39,4.37,2.77
0.77,62.1,59.0,2,5.85,5.87,3.64
0.52,57.2,64.0,1,5.27,5.36,3.04
0.41,62.4,58.0,1,4.76,4.7,2.95
0.33,62.0,56.0,1,4.48,4.45,2.77
1.04,60.7,55.0,2,6.57,6.61,4.0
0.7,63.1,58.0,1,5.69,5.66,3.58
0.46,66.5,55.0,1,4.77,4.82,3.19
1.17,62.2,58.0,2,6.76,6.72,4.19
0.4,61.1,56.0,1,4.77,4.82,2.93
0.9,64.5,58.0,2,6.0,5.96,3.86
0.43,61.8,56.0,1,4.81,4.83,2.98
0.51,62.0,55.0,1,5.13,5.16,3.19
0.38,62.1,54.6,1,4.65,4.69,2.9
0.71,60.9,57.0,2,5.76,5.78,3.51
0.53,62.3,55.0,1,5.13,5.24,3.23
0.9,61.5,60.0,2,6.16,6.13,3.78
0.42,62.6,56.0,1,4.79,4.77,2.99
0.9,60.6,61.0,2,6.13,6.19,3.73
1.2,62.2,56.0,2,6.84,6.74,4.22
0.73,63.4,58.0,2,5.68,5.7,3.61
0.53,60.1,58.0,1,5.27,5.32,3.18
0.78,61.2,56.0,1,5.92,5.99,3.64
0.4,60.4,61.0,1,4.74,4.77,2.87
0.33,61.5,56.0,1,4.45,4.49,2.75
0.44,60.1,60.0,1,4.86,4.95,2.95
0.72,61.4,58.0,1,5.76,5.8,3.55
0.7,61.9,57.0,2,5.68,5.73,3.53
0.38,60.7,56.0,1,4.69,4.74,2.86
1.07,61.5,56.0,2,6.58,6.6,4.05
1.0,60.7,59.0,2,6.38,6.44,3.89
0.32,63.8,54.0,1,4.38,4.31,2.77
0.41,62.0,57.0,1,4.73,4.79,2.95
0.34,62.1,57.0,1,4.5,4.46,2.78
0.3,62.6,54.0,1,4.33,4.29,2.7
0.82,62.9,56.0,2,5.99,5.91,3.74
0.37,59.2,57.0,1,4.71,4.75,2.8
1.02,62.6,56.0,2,6.39,6.42,4.01
0.27,62.9,55.0,1,4.13,4.15,2.6
0.92,59.0,58.0,2,6.31,6.36,3.74
1.18,62.7,54.7,2,6.74,6.77,4.23
0.66,62.1,55.0,1,5.6,5.64,3.49
0.3,60.0,63.0,1,4.3,4.36,2.6
2.19,61.8,60.0,3,8.35,8.25,5.13
0.71,62.3,57.0,1,5.66,5.74,3.55
1.04,60.5,59.0,2,6.62,6.58,3.99
0.31,61.3,57.0,1,4.36,4.41,2.69
0.54,61.8,55.0,1,5.27,5.24,3.25
1.5,60.8,61.0,2,7.39,7.35,4.48
1.01,59.0,59.0,2,6.57,6.61,3.89
0.33,61.5,57.0,1,4.49,4.42,2.74
0.74,63.2,56.0,2,5.74,5.72,3.62
0.54,61.2,56.0,1,5.29,5.23,3.22
0.73,60.4,59.0,1,5.8,5.86,3.52
1.39,60.6,55.0,3,7.21,7.27,4.39
0.78,62.8,60.0,2,5.86,5.79,3.66
0.51,61.3,63.0,1,5.11,5.16,3.15
0.34,60.3,57.0,1,4.52,4.54,2.73
1.68,60.4,55.0,2,7.7,7.79,4.68
2.02,61.3,58.0,3,8.09,8.05,4.95
0.67,60.7,61.4,1,5.6,5.64,3.41
0.7,61.1,58.0,1,5.73,5.69,3.49
1.0,62.2,56.0,2,6.35,6.41,3.97
0.51,59.8,55.0,1,5.23,5.17,3.11
0.9,63.0,58.0,2,6.08,6.11,3.84
1.0,59.7,59.0,2,6.52,6.57,3.91
1.21,62.2,60.0,2,6.8,6.83,4.24
2.36,62.2,55.0,3,8.51,8.56,5.3
0.91,61.4,60.0,2,6.21,6.23,3.82
0.75,59.6,59.0,1,6.04,5.94,3.57
1.01,64.0,59.0,2,6.34,6.31,4.05
0.28,61.6,56.0,1,4.22,4.26,2.61
0.51,61.6,55.0,1,5.16,5.19,3.19
0.3,60.7,56.0,1,4.35,4.37,2.65
1.0,62.4,55.0,2,6.45,6.37,4.0
1.21,63.6,58.0,2,6.65,6.77,4.27
0.72,61.9,57.0,1,5.73,5.77,3.56
1.01,62.8,57.0,2,6.33,6.4,4.0
1.5,60.5,59.0,2,7.38,7.47,4.49
0.7,62.2,57.0,2,5.7,5.74,3.56
1.75,61.6,55.0,3,7.72,7.77,4.77
0.41,60.2,57.0,1,4.8,4.83,2.9
1.28,60.9,58.0,2,7.09,7.01,4.29
0.42,62.3,56.0,1,4.78,4.81,2.99
0.51,60.1,59.0,1,5.16,5.19,3.11
0.32,61.4,55.0,1,4.41,4.45,2.72
0.71,63.0,54.0,1,5.73,5.69,3.6
2.07,62.2,54.0,3,8.16,8.21,5.09
1.02,63.2,57.0,2,6.38,6.41,4.04
0.4,62.8,59.0,1,4.67,4.63,2.92
0.32,60.9,60.0,1,4.39,4.41,2.68
0.52,61.7,56.0,1,5.17,5.21,3.2
1.6,60.0,58.0,2,7.61,7.68,4.59
1.21,63.1,60.0,2,6.72,6.66,4.22
0.41,63.2,57.0,1,4.77,4.73,3.0
0.31,62.4,58.0,1,4.36,4.32,2.71
0.58,61.7,55.0,2,5.36,5.39,3.31
1.09,60.9,59.0,2,6.59,6.64,4.03
0.54,61.1,55.0,1,5.24,5.37,3.24
1.29,62.7,55.0,2,6.96,6.91,4.35
1.55,60.4,60.0,2,7.39,7.44,4.48
0.52,62.0,57.0,1,5.08,5.12,3.16
0.39,60.3,56.0,1,4.77,4.71,2.86
0.6,61.3,57.0,1,5.4,5.47,3.33
0.36,61.7,55.0,1,4.58,4.6,2.83
1.06,62.6,60.0,2,6.54,6.44,4.06
0.43,63.0,56.0,1,4.86,4.83,3.05
0.55,61.9,55.0,1,5.25,5.28,3.26
1.03,62.4,56.0,2,6.44,6.48,4.03
0.34,62.9,56.0,1,4.45,4.48,2.81
0.34,62.0,59.0,1,4.42,4.48,2.76
0.9,61.0,59.0,2,6.14,6.18,3.76
1.5,61.0,60.0,2,7.33,7.27,4.45
0.52,62.3,54.0,1,5.15,5.18,3.22
1.5,65.2,58.0,2,7.12,7.06,4.62
0.34,61.8,58.0,1,4.51,4.48,2.78
0.3,62.8,59.0,1,4.23,4.27,2.67
0.8,61.7,62.0,2,5.89,5.94,3.65
0.38,61.6,56.0,1,4.67,4.72,2.89
0.73,61.0,57.0,1,5.81,5.87,3.56
1.01,62.0,57.0,2,6.37,6.41,3.96
0.36,62.5,58.0,1,4.55,4.51,2.83
0.3,62.5,58.0,1,4.31,4.26,2.68
0.34,62.8,59.0,1,4.47,4.45,2.8
1.6,61.7,56.0,2,7.53,7.5,4.64
0.4,62.7,59.0,1,4.72,4.69,2.95
1.7,63.6,59.0,2,7.53,7.48,4.77
0.31,62.4,54.0,1,4.36,4.39,2.73
0.72,63.0,56.0,1,5.66,5.73,3.59
1.59,62.4,55.0,2,7.45,7.48,4.66
1.08,63.7,57.0,2,6.49,6.54,4.15
0.33,59.5,59.0,1,4.48,4.53,2.68
1.51,64.0,59.0,2,7.25,7.19,4.62
1.03,63.5,56.0,2,6.37,6.33,4.03
0.95,61.7,56.0,2,6.31,6.34,3.9
0.31,61.4,57.0,1,4.37,4.33,2.67
0.72,60.3,58.0,1,5.81,5.76,3.49
0.41,62.7,57.0,1,4.78,4.73,2.98
1.32,65.8,55.0,2,6.87,6.83,4.51
0.4,63.1,61.0,1,4.71,4.67,2.96
1.0,63.8,60.0,2,6.35,6.31,4.04
0.51,62.5,60.0,1,5.08,5.1,3.18
1.51,62.3,55.0,3,7.29,7.35,4.56
0.55,62.3,56.0,1,5.22,5.27,3.27
0.55,61.7,56.0,1,5.25,5.31,3.26
1.14,61.1,55.0,2,6.78,6.74,4.13
0.32,61.9,56.0,1,4.38,4.41,2.72
0.9,62.3,56.0,2,6.19,6.1,3.83
0.3,62.0,55.0,1,4.34,4.31,2.68
0.24,61.5,56.0,1,3.99,4.01,2.46
1.02,59.9,62.0,2,6.5,6.53,3.9
1.24,62.7,55.0,2,6.82,6.87,4.29
0.3,61.9,57.0,1,4.3,4.32,2.67
0.34,61.4,57.0,1,4.49,4.5,2.76
1.75,62.9,57.0,2,7.71,7.59,4.81
0.57,61.0,58.0,1,5.31,5.34,3.25
1.08,63.1,57.0,2,6.56,6.5,4.12
1.04,59.4,60.0,2,6.56,6.58,3.9
0.57,61.1,57.0,1,5.33,5.37,3.27
0.7,62.0,59.0,1,5.68,5.7,3.53
0.51,62.4,55.0,1,5.11,5.14,3.2
2.03,62.9,57.0,3,8.06,8.02,5.06
0.34,60.2,58.0,1,4.56,4.51,2.73
1.03,62.2,57.0,2,6.47,6.42,4.01
0.91,61.3,61.0,2,6.18,6.25,3.81
0.32,63.0,57.0,1,4.37,4.33,2.74
0.7,63.1,54.0,1,5.61,5.67,3.56
0.24,58.8,58.0,1,4.05,4.08,2.39
0.31,62.0,56.0,1,4.38,4.36,2.71
0.4,62.3,60.0,1,4.65,4.69,2.91
0.3,62.8,57.0,1,4.29,4.25,2.68
0.52,60.9,58.0,1,5.19,5.22,3.17
0.7,60.0,60.0,1,5.72,5.56,3.5
0.42,61.8,57.0,1,4.82,4.79,2.97
0.5,62.3,59.0,1,5.1,5.04,3.16
0.7,62.5,57.0,2,5.62,5.67,3.53
0.63,61.9,55.0,1,5.46,5.5,3.4
1.13,61.1,59.0,2,6.72,6.69,4.1
1.2,63.1,61.0,2,6.66,6.58,4.18
1.21,59.6,60.0,2,6.91,6.89,4.11
0.31,60.2,55.0,1,4.43,4.45,2.67
0.57,62.0,57.0,1,5.3,5.35,3.3
0.31,62.1,54.0,1,4.33,4.37,2.7
1.26,62.7,58.0,2,6.95,6.9,4.34
1.03,62.3,59.0,2,6.42,6.38,3.99
0.8,62.2,57.0,2,5.95,5.98,3.71
0.24,62.9,58.0,1,3.96,3.99,2.5
1.0,61.0,55.0,2,6.45,6.41,3.92
1.0,63.1,64.0,2,6.31,6.25,3.96
0.4,63.6,55.0,1,4.68,4.72,2.99
0.55,61.6,55.0,1,5.32,5.29,3.27
1.24,62.3,54.0,2,6.88,6.9,4.29
0.35,60.8,57.0,1,4.61,4.57,2.79
1.12,59.7,60.0,2,6.77,6.72,4.03
0.54,61.2,56.0,1,5.25,5.26,3.22
0.5,63.0,61.0,1,5.07,5.03,3.18
0.33,60.3,58.0,1,4.52,4.5,2.72
0.3,61.4,58.0,1,4.3,4.33,2.65
1.04,60.9,59.0,2,6.58,6.62,4.02
0.31,63.1,55.0,1,4.36,4.33,2.74
2.11,62.2,60.0,3,8.15,8.19,5.08
0.34,61.7,56.0,1,4.52,4.49,2.78
0.33,59.9,56.0,1,4.54,4.51,2.71
0.35,62.5,55.0,1,4.5,4.52,2.82
1.7,62.9,57.0,3,7.59,7.52,4.75
0.51,60.1,60.0,1,5.15,5.17,3.1
0.41,62.7,57.0,1,4.73,4.78,2.98
0.3,62.8,56.0,1,4.28,4.32,2.7
0.77,62.5,60.0,1,5.84,5.8,3.64
1.7,62.7,58.0,2,7.57,7.52,4.73
0.3,63.3,59.0,1,4.22,4.28,2.69
1.61,61.2,55.0,2,7.57,7.62,4.65
1.02,62.3,58.1,2,6.41,6.38,4.0
0.52,61.9,61.0,1,5.11,5.13,3.17
1.52,61.9,57.0,2,7.33,7.37,4.55
0.55,61.0,57.0,1,5.31,5.32,3.24
1.01,60.4,59.0,2,6.54,6.5,3.94
0.41,62.9,57.0,1,4.72,4.76,2.98
1.03,61.3,56.0,2,6.55,6.51,4.0
1.26,61.7,58.0,2,6.99,6.91,4.29
0.31,61.0,60.0,1,4.35,4.37,2.66
1.09,61.8,58.0,2,6.63,6.58,4.08
0.51,60.4,59.0,1,5.16,5.2,3.13
0.4,59.1,61.0,1,4.86,4.88,2.88
0.33,62.7,54.0,1,4.45,4.42,2.78
1.01,62.5,60.0,2,6.31,6.37,3.96
0.38,60.1,60.0,1,4.7,4.75,2.84
0.56,62.0,56.0,1,5.2,5.22,3.23
0.27,62.6,58.0,1,4.11,4.16,2.59
0.92,62.5,55.0,2,6.25,6.3,3.92
0.9,62.7,55.0,2,6.11,6.17,3.85
0.31,61.9,58.0,1,4.39,4.37,2.71
1.01,61.8,62.0,2,6.28,6.35,3.9
0.77,61.1,56.0,2,5.89,5.92,3.61
2.1,61.3,59.0,3,8.21,8.27,5.05
1.51,61.6,57.0,3,7.41,7.32,4.54
0.3,60.2,57.0,1,4.37,4.3,2.61
0.71,60.6,57.0,1,5.78,5.83,3.52
1.52,62.2,59.0,2,7.38,7.32,4.57
0.34,61.6,56.0,1,4.47,4.49,2.76
2.04,62.5,61.0,3,8.08,8.04,5.04
0.32,58.4,57.0,1,4.51,4.53,2.64
0.7,61.9,58.0,1,5.71,5.72,3.54
0.8,62.5,59.0,1,5.88,5.92,3.69
2.25,61.8,61.0,3,8.46,8.39,5.21
0.3,61.7,55.0,1,4.34,4.31,2.67
0.55,61.7,57.0,1,5.29,5.24,3.25
0.39,59.1,59.0,1,4.81,4.76,2.83
0.59,62.1,56.0,1,5.36,5.4,3.34
0.35,62.1,56.0,1,4.56,4.52,2.82
1.0,65.6,66.0,2,6.1,6.01,3.97
0.9,62.4,55.0,2,6.15,6.19,3.85
1.17,61.6,56.0,2,6.77,6.83,4.18
1.11,59.4,58.0,2,6.81,6.75,4.03
0.34,61.4,57.0,1,4.49,4.54,2.77
0.9,65.4,57.0,2,6.04,5.95,3.92
0.31,62.0,58.0,1,4.31,4.37,2.69
0.4,61.1,58.0,1,4.72,4.74,2.89
0.3,63.1,56.0,1,4.27,4.29,2.7
1.3,58.1,59.0,2,7.19,7.16,4.17
1.09,63.2,59.0,2,6.54,6.5,4.12
0.41,59.1,58.0,1,4.88,4.83,2.87
2.63,62.3,61.0,2,8.76,8.81,5.47
1.4,61.9,57.0,3,7.2,7.14,4.44
1.97,61.1,58.0,3,8.05,8.11,4.94
0.7,60.6,60.0,2,5.71,5.75,3.47
0.78,63.1,56.0,1,5.88,5.82,3.69
1.03,64.7,63.0,2,6.36,6.31,4.1
0.56,61.7,56.0,1,5.26,5.3,3.26
1.66,61.7,58.0,3,7.52,7.59,4.66
0.53,62.9,54.0,1,5.19,5.15,3.25
1.01,59.4,58.0,2,6.51,6.53,3.93
0.41,61.2,57.0,1,4.77,4.8,2.93
1.01,61.1,58.0,2,6.5,6.46,3.96
1.33,62.7,57.0,2,7.05,6.98,4.4
0.3,61.8,63.0,1,4.29,4.26,2.64
0.32,61.7,55.0,1,4.39,4.42,2.72
0.39,60.8,58.0,1,4.72,4.76,2.88
1.24,61.9,55.0,2,6.85,6.91,4.27
0.76,61.9,54.0,2,5.87,5.9,3.64
0.51,61.6,55.0,1,5.15,5.2,3.19
1.51,62.0,58.0,2,7.31,7.26,4.52
1.08,62.5,57.0,2,6.56,6.6,4.11
0.81,61.2,56.0,1,6.03,6.0,3.68
0.52,61.5,57.0,1,5.18,5.22,3.19
0.52,61.5,60.5,1,5.11,5.16,3.16
1.0,63.4,59.0,2,6.27,6.24,4.0
1.71,58.8,60.0,3,7.85,7.8,4.6
0.55,61.6,57.0,1,5.29,5.23,3.24
0.57,62.1,56.0,1,5.29,5.34,3.3
1.01,62.8,61.0,2,6.33,6.25,3.95
1.6,60.8,58.0,2,7.59,7.51,4.59
0.31,61.9,54.5,1,4.33,4.36,2.69
0.37,61.6,54.0,1,4.61,4.64,2.85
1.7,63.4,57.0,2,7.54,7.57,4.79
0.5,66.5,59.0,1,5.01,4.91,3.3
0.7,61.5,55.0,2,5.73,5.75,3.53
0.29,61.6,56.0,1,4.26,4.31,2.64
0.4,62.3,54.0,1,4.74,4.77,2.96
1.01,62.5,60.0,2,6.36,6.41,3.99
0.32,62.2,55.0,1,4.39,4.43,2.74
0.51,61.6,55.0,1,5.17,5.19,3.19
1.24,60.0,60.0,2,6.94,6.88,4.15
0.52,61.3,60.0,1,5.15,5.23,3.18
0.42,62.0,57.0,1,4.83,4.81,2.99
0.71,60.2,60.0,1,5.8,5.77,3.48
0.71,62.2,54.0,1,5.71,5.75,3.56
0.71,60.9,56.0,2,5.76,5.79,3.52
0.51,62.7,58.0,1,5.09,5.12,3.2
0.78,62.9,56.0,2,5.85,5.88,3.69
0.3,62.5,57.0,1,4.27,4.31,2.68
0.41,62.6,55.0,1,4.79,4.77,2.99
1.2,62.8,57.0,2,6.73,6.78,4.24
2.01,64.9,56.0,2,7.88,7.81,5.09
0.39,62.2,54.0,1,4.67,4.7,2.91
0.57,61.8,56.0,1,5.34,5.31,3.29
1.0,64.3,59.0,2,6.21,6.3,4.02
0.51,61.5,58.0,1,5.14,5.11,3.15
0.58,61.2,56.0,1,5.37,5.41,3.3
1.05,60.5,55.0,2,6.67,6.58,4.01
0.51,62.4,55.0,1,5.11,5.14,3.2
1.59,60.7,61.1,2,7.5,7.56,4.57
0.73,62.1,56.0,2,5.77,5.8,3.59
0.42,62.0,55.0,1,4.84,4.83,3.0
1.5,63.9,60.0,2,7.17,7.22,4.6
1.06,61.2,55.0,2,6.61,6.57,4.03
0.4,62.4,54.0,1,4.73,4.76,2.96
0.56,61.2,54.0,1,5.36,5.32,3.27
0.58,62.1,56.0,1,5.33,5.37,3.32
0.71,61.2,55.0,2,5.73,5.84,3.54
0.53,62.2,55.0,1,5.17,5.22,3.23
1.5,61.0,57.0,3,7.32,7.4,4.49
0.27,58.6,57.0,1,4.3,4.33,2.53
1.1,59.7,57.8,2,6.7,6.76,4.01
1.07,60.0,59.0,2,6.6,6.56,3.95
1.2,61.8,56.0,2,6.81,6.85,4.22
2.02,56.2,61.0,3,8.8,8.33,4.81
0.37,61.9,55.0,1,4.63,4.67,2.87
0.54,61.2,55.0,1,5.23,5.29,3.22
0.71,62.9,57.0,1,5.68,5.7,3.58
1.67,62.4,54.0,2,7.6,7.63,4.75
0.43,60.8,59.0,1,4.91,4.86,2.97
0.51,60.1,59.0,1,5.19,5.16,3.11
1.27,60.9,57.0,2,7.02,6.97,4.26
0.55,61.4,55.0,1,5.28,5.24,3.23
0.35,62.1,57.0,1,4.55,4.53,2.82
0.54,61.4,57.5,2,5.25,5.28,3.23
1.03,57.9,59.0,1,6.67,6.62,3.85
1.09,61.1,59.0,2,6.69,6.63,4.07
2.31,62.1,58.0,3,8.49,8.42,5.25
0.31,62.2,55.0,1,4.35,4.37,2.71
0.34,61.9,57.0,1,4.48,4.44,2.76
1.03,65.7,58.0,2,6.32,6.26,4.13
0.54,57.5,61.0,1,5.47,5.39,3.12
0.5,61.2,56.0,1,5.13,5.17,3.15
0.54,63.3,57.0,1,5.15,5.22,3.28
1.01,62.2,59.0,2,6.44,6.35,3.98
0.32,62.8,60.0,1,4.32,4.34,2.72
0.3,60.4,61.0,1,4.3,4.34,2.61
1.5,61.2,59.0,2,7.36,7.41,4.52
1.01,64.5,58.0,2,6.27,6.31,4.06
0.4,61.9,57.0,1,4.71,4.69,2.91
0.71,60.0,64.0,1,5.79,5.71,3.45
0.5,62.0,59.0,1,5.1,5.06,3.15
0.74,61.9,55.0,2,5.79,5.84,3.6
0.71,61.9,58.0,1,5.66,5.69,3.51
0.65,61.6,57.0,1,5.55,5.59,3.43
0.57,62.1,55.0,1,5.32,5.34,3.31
0.3,61.1,56.0,1,4.36,4.38,2.67
0.7,62.5,62.0,1,5.58,5.56,3.48
1.51,60.7,58.0,2,7.41,7.38,4.49
0.41,62.2,57.0,1,4.74,4.78,2.96
0.38,61.6,58.0,1,4.63,4.66,2.86
0.83,62.1,58.0,2,6.01,6.04,3.74
0.3,62.9,56.0,1,4.25,4.3,2.69
1.03,61.9,58.0,2,6.49,6.43,4.0
1.01,62.1,60.0,2,6.4,6.44,3.99
0.7,63.5,59.0,1,5.53,5.49,3.5
0.65,61.5,55.0,1,5.59,5.63,3.45
0.27,62.5,56.0,1,4.15,4.18,2.6
0.52,62.8,58.0,1,5.11,5.14,3.22
0.3,63.0,56.0,1,4.24,4.27,2.68
1.0,62.7,62.0,2,6.23,6.21,3.9
0.7,61.9,58.0,1,5.64,5.6,3.48
0.32,63.1,57.0,1,4.37,4.38,2.76
1.03,62.4,57.0,2,6.52,6.47,4.05
0.3,61.2,57.0,1,4.32,4.34,2.65
0.3,61.9,59.0,1,4.3,4.32,2.67
1.02,62.4,58.0,2,6.37,6.42,3.99
1.01,62.2,58.0,2,6.36,6.4,3.97
0.31,61.3,56.0,1,4.38,4.4,2.69
1.16,62.2,58.0,2,6.75,6.68,4.18
0.27,60.8,56.0,1,4.25,4.23,2.58
2.04,61.4,59.0,3,8.04,8.14,4.97
0.76,60.9,58.0,1,5.9,5.85,3.58
1.04,62.5,62.0,2,6.39,6.45,4.01
1.55,61.8,55.0,2,7.4,7.44,4.58
0.31,62.6,57.0,1,4.27,4.35,2.7
0.41,59.7,59.0,1,4.84,4.81,2.88
0.7,60.9,61.0,1,5.66,5.71,3.46
0.71,62.9,58.0,1,5.62,5.66,3.55
1.6,61.1,57.0,2,7.55,7.5,4.6
0.53,60.0,57.0,1,5.3,5.27,3.17
1.38,61.2,59.0,2,7.19,7.13,4.38
0.7,62.8,60.0,1,5.66,5.68,3.56
0.35,62.5,57.0,1,4.48,4.54,2.82
0.73,58.9,60.0,1,5.9,5.81,3.45
1.33,62.2,54.0,3,7.02,7.06,4.38
1.55,62.4,58.0,2,7.38,7.4,4.61
0.34,61.3,55.0,1,4.54,4.56,2.79
0.24,62.1,59.0,1,3.98,4.01,2.48
0.23,63.8,55.0,1,3.85,3.92,2.48
0.35,61.3,56.0,1,4.56,4.54,2.79
0.72,61.4,56.0,2,5.8,5.82,3.57
0.41,62.5,57.0,1,4.72,4.69,2.94
2.03,62.1,56.0,3,8.2,8.12,5.07
0.91,62.0,62.0,2,6.25,6.16,3.85
1.0,63.5,54.0,2,6.41,6.35,4.05
1.26,60.6,60.0,2,6.97,7.0,4.23
1.01,64.2,54.0,2,6.24,6.31,4.03
0.31,58.1,60.0,1,4.49,4.42,2.59
0.7,63.1,56.0,2,5.64,5.67,3.57
0.55,63.3,56.0,1,5.21,5.24,3.31
1.15,63.5,58.0,2,6.73,6.69,4.26
1.2,62.7,55.0,2,6.74,6.69,4.21
0.72,60.2,59.0,1,5.85,5.81,3.51
0.32,61.8,55.0,1,4.38,4.42,2.72
1.4,62.9,55.0,2,7.15,7.06,4.47
0.7,61.4,57.0,1,5.73,5.77,3.53
0.3,58.8,57.0,1,4.44,4.4,2.6
0.37,62.4,56.0,1,4.6,4.64,2.88
1.2,62.9,60.0,2,6.64,6.69,4.19
0.51,62.9,57.0,1,5.09,5.12,3.21
0.74,60.6,60.0,1,5.89,5.8,3.54
0.3,58.1,61.0,1,4.41,4.47,2.58
0.51,62.0,56.0,1,5.11,5.14,3.18
1.5,63.6,58.0,2,7.23,7.2,4.59
0.91,62.2,56.0,2,6.14,6.17,3.83
1.01,63.3,57.0,2,6.31,6.36,4.01
0.51,62.6,57.0,1,5.1,5.15,3.21
1.6,61.5,56.0,2,7.57,7.52,4.64
1.5,58.9,59.0,2,7.34,7.43,4.35
0.31,61.0,56.0,1,4.39,4.43,2.69
0.33,61.4,58.0,1,4.49,4.44,2.74
0.34,60.8,59.0,1,4.53,4.48,2.74
2.46,59.7,59.0,2,8.82,8.76,5.25
1.22,61.7,57.0,2,6.85,6.82,4.22
1.05,59.7,60.0,2,6.63,6.71,3.98
0.4,61.6,56.0,1,4.75,4.76,2.93
0.57,61.6,57.0,1,5.37,5.34,3.3
1.24,65.7,57.0,2,6.72,6.68,4.4
0.7,57.2,66.0,1,5.76,5.74,3.29
0.41,61.4,56.0,1,4.81,4.83,2.96
0.58,60.9,56.0,1,5.42,5.39,3.29
1.2,62.5,57.0,2,6.73,6.84,4.24
1.09,62.5,58.0,2,6.49,6.59,4.09
0.58,62.9,57.0,1,5.3,5.35,3.35
0.72,62.5,58.0,1,5.68,5.72,3.56
1.82,61.6,60.0,3,7.78,7.74,4.78
0.45,58.6,62.2,1,5.0,5.05,2.95
1.15,61.5,58.0,2,6.76,6.71,4.14
2.27,61.1,60.0,3,8.46,8.42,5.16
0.8,61.6,56.0,1,5.97,6.01,3.69
0.6,60.8,58.0,1,5.46,5.5,3.33
0.31,61.6,54.0,1,4.37,4.4,2.7
0.4,62.3,56.0,1,4.73,4.71,2.94
0.34,61.7,56.0,1,4.48,4.46,2.76
0.41,61.4,57.0,1,4.76,4.79,2.93
0.78,62.7,56.0,1,5.87,5.84,3.67
0.24,62.0,56.0,1,3.99,4.03,2.48
0.44,61.1,56.0,1,4.92,4.94,3.01
0.31,62.2,53.0,1,4.36,4.38,2.72
0.71,62.3,61.0,1,5.65,5.61,3.51
0.9,64.3,57.0,2,6.16,6.06,3.93
0.53,61.8,58.0,1,5.18,5.2,3.21
0.31,61.4,55.0,1,4.34,4.32,2.66
0.51,61.9,55.0,1,5.15,5.19,3.2
0.32,62.3,54.0,1,4.37,4.4,2.73
1.26,60.2,59.0,2,6.98,7.07,4.23
0.31,62.2,56.0,1,4.37,4.34,2.71
0.83,61.9,56.0,1,6.04,5.97,3.72
0.73,63.0,57.0,1,5.75,5.67,3.6
0.54,61.4,60.0,1,5.21,5.25,3.21
0.41,59.8,60.0,1,4.86,4.79,2.88
1.71,62.1,54.0,2,7.72,7.67,4.78
2.01,61.4,56.0,3,8.19,8.13,5.01
0.32,60.9,56.0,1,4.45,4.41,2.7
0.31,61.9,58.0,1,4.33,4.36,2.69
1.02,62.5,59.0,2,6.37,6.42,4.0
1.08,59.7,60.0,2,6.71,6.69,4.0
0.5,59.8,66.0,1,5.18,5.09,3.07
2.0,59.8,68.0,3,8.13,7.95,4.81
1.02,60.3,63.0,2,6.45,6.49,3.9
0.3,61.4,56.0,1,4.32,4.35,2.66
0.53,63.0,56.0,1,5.19,5.13,3.25
0.9,61.5,59.0,2,6.15,6.2,3.8
1.11,62.0,56.0,2,6.62,6.65,4.12
0.46,61.7,56.0,1,4.93,4.96,3.05
0.39,61.5,55.0,1,4.7,4.73,2.9
0.78,60.6,57.0,2,5.95,5.97,3.61
0.3,62.1,61.0,1,4.3,4.27,2.66
0.31,60.7,57.0,1,4.4,4.37,2.66
0.7,61.4,57.0,1,5.71,5.74,3.52
0.9,64.7,54.0,2,6.1,6.04,3.93
0.91,62.0,60.0,2,6.23,6.19,3.85
0.55,61.2,54.0,2,5.3,5.35,3.26
1.92,62.5,59.0,3,7.85,7.92,4.93
0.96,66.9,60.0,1,6.15,6.04,4.09
1.24,61.7,53.0,2,6.93,6.9,4.27
1.01,62.7,55.0,2,6.4,6.45,4.03
1.0,63.1,56.0,2,6.34,6.3,3.99
0.3,61.8,56.0,1,4.33,4.35,2.68
0.34,61.2,59.0,1,4.49,4.53,2.76
1.2,60.7,60.0,2,6.8,6.84,4.14
0.41,61.6,57.0,1,4.77,4.81,2.95
0.3,62.2,57.0,1,4.31,4.27,2.67
1.01,59.5,59.0,2,6.54,6.58,3.9
1.01,63.5,60.0,2,6.41,6.38,3.92
0.31,61.7,54.0,1,4.38,4.43,2.72
1.26,59.5,59.0,2,7.13,7.06,4.22
2.04,58.0,59.0,3,8.4,8.27,4.83
1.73,58.0,62.0,3,7.95,7.91,4.6
0.4,63.5,57.0,1,4.72,4.7,2.99
0.55,62.2,60.0,1,5.2,5.25,3.25
0.3,63.3,59.0,1,4.28,4.22,2.69
0.51,62.3,54.0,1,5.17,5.12,3.21
0.8,62.7,55.0,1,5.94,5.9,3.71
0.71,64.1,60.0,1,0.0,0.0,0.0
0.3,62.2,57.0,1,4.26,4.32,2.67
0.55,61.3,56.0,1,5.26,5.31,3.24
1.08,62.3,57.0,2,6.56,6.61,4.1
0.97,59.9,59.0,2,6.39,6.36,3.82
1.57,58.6,62.0,2,7.71,7.64,4.5
1.07,62.9,59.0,2,6.51,6.58,4.12
0.4,61.2,57.0,1,4.73,4.78,2.91
0.32,61.9,55.0,1,4.37,4.38,2.71
0.43,61.5,57.0,1,4.84,4.87,2.98
0.57,59.8,60.0,1,5.4,5.34,3.21
2.0,60.5,60.0,3,8.03,8.08,4.87
0.72,61.9,54.0,1,5.78,5.81,3.59
1.64,60.6,59.0,2,7.67,7.61,4.63
0.97,61.0,59.0,2,6.36,6.4,3.89
0.4,63.1,62.0,1,4.75,4.66,2.97
0.93,62.3,56.0,2,6.26,6.22,3.89
0.53,60.9,59.0,1,5.21,5.23,3.18
1.39,62.1,57.0,2,7.22,7.08,4.44
0.7,60.9,62.0,1,5.67,5.72,3.47
2.01,59.7,63.0,3,8.24,8.15,4.89
0.35,62.8,54.0,1,4.5,4.54,2.84
0.9,60.7,59.0,2,6.23,6.26,3.79
1.51,60.9,59.0,2,7.33,7.41,4.49
0.52,62.0,55.0,1,5.19,5.17,3.21
0.32,61.9,55.0,1,4.41,4.4,2.73
0.52,60.6,61.0,1,5.19,5.17,3.14
0.76,61.9,57.0,1,5.87,5.9,3.64
1.86,62.5,55.0,2,7.81,7.9,4.91
1.11,61.8,58.0,2,6.66,6.61,4.1
0.51,61.7,58.0,1,5.18,5.13,3.18
2.01,60.6,62.0,3,8.08,8.05,4.89
0.3,61.0,57.0,1,4.33,4.36,2.65
2.18,58.9,60.0,3,8.51,8.55,5.02
1.69,63.8,56.0,3,7.51,7.57,4.81
1.5,62.5,55.0,3,7.26,7.23,4.53
0.33,61.7,57.0,1,4.41,4.44,2.73
1.31,59.3,59.0,2,7.18,7.13,4.24
0.33,62.5,56.0,1,4.46,4.43,2.78
0.9,57.1,56.0,2,6.33,6.28,3.6
0.3,61.0,59.0,1,4.33,4.29,2.63
0.31,62.3,55.0,1,4.37,4.33,2.71
0.71,60.6,58.0,2,5.76,5.79,3.5
0.93,63.3,61.0,2,6.19,6.14,3.9
2.11,61.0,58.0,3,8.2,8.29,5.03
1.58,62.3,57.0,2,7.42,7.34,4.6
2.48,60.1,58.0,3,8.83,8.76,5.29
0.42,61.3,56.0,1,4.81,4.85,2.96
0.9,60.8,57.0,2,6.26,6.17,3.78
0.41,63.1,58.0,1,4.71,4.74,2.98
0.36,59.7,56.0,1,4.64,4.67,2.78
0.3,61.8,53.0,1,4.32,4.36,2.68
0.7,64.0,57.0,1,5.62,5.54,3.57
0.77,62.0,56.0,1,5.89,5.86,3.64
0.5,61.4,61.0,1,5.03,5.04,3.09
1.18,60.8,57.0,2,6.89,6.83,4.17
0.27,61.8,56.0,1,4.19,4.2,2.6
0.31,61.5,59.0,1,4.35,4.33,2.67
0.3,60.6,56.0,1,4.35,4.36,2.64
1.17,62.4,58.0,2,6.73,6.71,4.19
0.6,62.2,55.0,1,5.41,5.45,3.38
0.53,63.8,58.0,1,5.12,5.17,3.28
0.3,62.6,56.0,1,4.25,4.28,2.67
1.61,59.4,58.0,2,7.64,7.74,4.57
0.3,62.1,54.0,1,4.32,4.35,2.69
1.13,61.8,56.0,2,6.74,6.68,4.15
0.71,60.8,56.0,2,5.81,5.82,3.54
1.01,59.1,61.0,2,6.46,6.5,3.83
0.24,62.2,59.0,1,3.99,4.02,2.49
0.3,61.0,60.0,1,4.29,4.33,2.63
0.5,60.6,59.0,1,5.1,5.2,3.12
0.83,63.8,58.0,1,5.97,5.95,3.8
0.53,57.6,64.0,1,5.41,5.36,3.1
0.5,61.5,62.0,1,5.06,5.09,3.12
0.47,62.8,56.0,1,4.96,4.93,3.11
0.91,63.8,58.0,2,6.09,6.04,3.87
0.3,62.1,59.0,1,4.27,4.29,2.66
0.93,62.0,57.0,1,6.22,6.26,3.87
0.71,60.3,60.0,1,5.76,5.79,3.48
0.55,63.6,55.0,1,5.18,5.23,3.31
0.41,61.9,56.0,1,4.75,4.78,2.95
2.23,61.0,58.0,3,8.39,8.36,5.11
1.3,60.9,60.0,2,6.99,7.04,4.27
0.4,63.2,55.0,1,4.72,4.68,2.97
1.07,62.2,57.0,2,6.55,6.53,4.07
1.07,61.3,59.0,2,6.61,6.53,4.03
1.01,62.2,59.0,2,6.38,6.42,3.98
1.12,63.8,55.0,2,6.57,6.63,4.21
0.51,62.4,57.0,1,5.13,5.09,3.19
0.32,62.1,55.0,1,4.43,4.4,2.74
1.63,61.5,57.0,3,7.58,7.6,4.67
1.51,58.8,62.0,2,7.5,7.41,4.39
0.32,62.6,57.0,1,4.41,4.37,2.75
0.33,61.1,58.0,1,4.47,4.43,2.72
1.68,60.4,55.0,2,7.79,7.7,4.68
0.5,62.2,55.0,1,5.07,5.09,3.16
0.3,60.2,56.0,1,4.4,4.37,2.64
1.0,63.5,59.0,2,6.34,6.29,4.01
0.5,62.2,56.0,1,5.1,5.13,3.18
1.01,59.9,59.0,2,6.52,6.57,3.92
0.72,61.5,56.0,1,5.72,5.79,3.54
0.3,60.6,57.0,1,4.35,4.33,2.63
0.76,61.9,56.0,1,5.85,5.88,3.63
0.29,62.1,59.0,1,4.22,4.25,2.63
0.85,62.5,57.0,1,6.02,6.07,3.78
1.0,62.9,55.0,2,6.29,6.36,3.98
0.76,61.3,56.0,1,5.9,5.94,3.63
0.32,62.4,54.0,1,4.36,4.39,2.73
0.31,59.3,60.0,1,4.41,4.39,2.61
0.31,61.7,57.0,1,4.34,4.32,2.67
0.67,60.4,65.0,1,5.67,5.65,3.42
1.01,61.2,56.0,2,6.41,6.46,3.94
1.01,67.1,59.0,2,6.16,6.09,4.11
0.92,62.4,60.0,2,6.21,6.25,3.89
0.54,63.2,55.0,1,5.21,5.17,3.28
0.31,62.4,57.0,1,4.31,4.34,2.7
0.31,63.4,55.0,1,4.29,4.26,2.71
0.31,62.4,58.0,1,4.32,4.36,2.71
0.3,63.4,59.0,1,4.23,4.25,2.69
0.3,62.5,54.0,1,4.31,4.33,2.7
0.51,62.6,60.0,1,5.13,5.06,3.2
0.91,62.0,56.0,2,6.19,6.22,3.85
0.76,61.0,58.0,2,5.88,5.93,3.6
1.57,63.4,56.0,2,7.46,7.4,4.71
1.0,60.6,58.0,2,6.47,6.4,3.9
0.83,65.1,59.0,1,5.84,5.81,3.79
1.02,62.0,56.0,2,6.42,6.45,3.99
0.71,61.6,56.0,1,5.71,5.75,3.53
0.95,59.5,56.0,2,6.41,6.36,3.8
1.01,63.3,58.0,2,6.37,6.39,4.04
0.74,61.2,59.0,1,5.88,5.82,3.58
1.36,62.7,60.0,2,7.05,7.02,4.41
1.0,62.8,57.0,2,6.37,6.34,3.99
1.27,61.2,56.0,2,6.99,6.95,4.27
1.66,64.4,54.0,2,7.45,7.54,4.83
1.25,62.5,56.0,2,6.87,6.92,4.31
0.72,61.7,55.0,2,5.8,5.77,3.57
0.3,61.8,56.0,1,4.31,4.3,2.66
0.56,61.7,56.0,1,5.3,5.33,3.28
1.11,63.1,57.0,2,6.59,6.54,4.14
0.56,61.7,54.0,1,5.31,5.36,3.29
1.0,63.1,63.0,2,6.33,6.23,3.96
0.52,61.4,57.0,1,5.17,5.19,3.18
0.69,61.5,61.0,2,5.61,5.65,3.46
0.32,62.6,57.0,1,4.38,4.34,2.73
0.71,61.7,56.0,2,5.71,5.74,3.53
0.3,61.7,58.0,1,4.26,4.3,2.64
1.0,62.8,59.0,2,6.4,6.3,3.99
0.33,61.9,55.0,1,4.45,4.5,2.77
0.32,61.8,55.0,1,4.45,4.39,2.73
1.5,62.0,57.0,2,7.25,7.33,4.52
0.52,62.4,55.0,1,5.1,5.12,3.19
1.0,59.6,60.0,2,6.52,6.57,3.9
0.43,60.5,59.0,1,4.86,4.89,2.95
0.53,61.0,55.0,1,5.21,5.32,3.21
0.37,60.6,54.0,1,4.68,4.63,2.82
0.49,61.9,56.0,1,5.05,5.1,3.14
0.88,60.9,61.0,2,6.16,6.13,3.74
1.2,62.6,59.0,2,6.71,6.75,4.21
0.35,61.2,58.0,1,4.53,4.59,2.79
2.02,59.8,60.0,3,8.21,8.16,4.9
1.01,62.5,62.0,2,6.26,6.34,3.94
0.81,61.7,61.0,1,5.94,5.9,3.65
1.04,61.8,57.0,3,6.49,6.52,4.02
0.71,61.5,57.0,2,5.74,5.78,3.54
1.01,61.0,60.0,2,6.48,6.44,3.94
0.31,61.7,58.0,1,4.32,4.37,2.68
1.0,65.7,59.0,1,6.14,6.07,4.01
1.08,62.4,55.0,2,6.53,6.57,4.09
1.42,61.7,56.0,2,7.22,7.27,4.47
1.77,60.3,59.0,2,7.94,7.87,4.77
0.91,62.3,55.0,2,6.17,6.22,3.86
0.93,61.5,57.0,2,6.3,6.26,3.86
0.23,61.9,58.0,1,3.94,3.98,2.45
1.03,63.7,60.0,2,6.35,6.28,4.02
0.32,61.8,55.0,1,4.45,4.42,2.74
0.51,61.3,56.0,1,5.15,5.19,3.16
0.71,63.1,56.0,1,5.73,5.68,3.6
0.4,61.3,56.0,1,4.76,4.79,2.93
1.52,62.6,59.0,2,7.36,7.27,4.58
0.38,61.8,56.0,1,4.64,4.65,2.87
1.13,62.3,59.0,2,6.68,6.65,4.15
1.05,61.6,54.0,2,6.54,6.58,4.04
0.9,65.0,61.0,2,6.05,6.02,3.92
0.32,62.2,56.0,1,4.41,4.37,2.73
1.61,61.7,60.0,2,7.45,7.5,4.61
2.52,61.5,56.0,3,8.76,8.69,5.37
0.42,62.2,55.0,1,4.75,4.8,2.97
0.9,61.0,60.0,2,6.21,6.24,3.8
0.43,61.9,53.0,1,4.86,4.89,3.02
0.7,65.8,58.0,1,5.49,5.42,3.59
1.08,62.9,59.0,2,6.44,6.53,4.08
1.0,59.9,60.0,2,6.5,6.46,3.88
0.31,60.2,56.0,1,4.44,4.39,2.66
0.3,61.5,62.0,1,4.28,4.34,2.65
1.1,60.2,56.0,2,6.7,6.74,4.05
0.5,63.0,57.0,1,5.01,5.05,3.17
0.31,63.1,56.0,1,4.33,4.35,2.74
1.51,62.5,58.0,3,7.36,7.21,4.55
0.3,62.0,57.0,1,4.29,4.32,2.67
0.33,62.3,56.0,1,4.47,4.46,2.78
0.38,62.2,54.1,1,4.64,4.67,2.89
1.5,60.1,59.0,2,7.38,7.36,4.43
0.34,61.5,55.0,1,4.58,4.49,2.79
1.01,60.7,57.0,2,6.52,6.49,3.95
0.6,61.1,56.0,1,5.47,5.49,3.35
0.3,61.4,59.0,1,4.33,4.3,2.65
1.01,60.6,61.0,2,6.35,6.39,3.86
0.7,61.3,59.0,1,5.68,5.74,3.5
0.41,61.3,56.0,1,4.81,4.84,2.96
0.34,61.2,59.0,1,4.46,4.5,2.74
0.33,62.0,53.5,1,4.46,4.5,2.78
0.33,61.9,56.0,1,4.44,4.48,2.76
0.41,61.0,56.0,1,4.78,4.82,2.93
0.9,65.8,54.0,1,6.05,5.98,3.96
1.75,62.1,56.0,3,7.72,7.69,4.79
1.03,60.4,56.0,2,6.59,6.56,3.97
0.3,61.7,57.0,1,4.3,4.32,2.66
0.35,61.7,54.0,1,4.56,4.58,2.82
0.57,60.5,57.0,1,5.33,5.38,3.24
0.54,63.2,57.0,1,5.16,5.19,3.27
0.41,62.7,59.0,1,4.75,4.78,2.99
0.35,62.4,55.0,1,4.52,4.49,2.81
1.02,60.5,56.0,2,6.57,6.53,3.96
0.34,62.9,56.0,1,4.48,4.45,2.81
0.31,62.4,55.0,1,4.33,4.36,2.71
0.55,61.5,60.0,1,5.23,5.25,3.22
1.06,61.6,59.0,2,6.54,6.55,4.03
1.2,62.2,59.0,2,6.82,6.78,4.23
0.23,59.4,59.0,1,4.03,4.08,2.41
0.7,62.4,55.0,1,5.66,5.72,3.55
1.51,64.0,60.0,2,7.1,7.19,4.57
1.01,62.9,57.0,2,6.35,6.41,4.01
0.3,61.6,58.0,1,4.28,4.32,2.65
1.21,62.6,59.0,2,6.72,6.79,4.23
0.46,62.5,56.0,1,4.89,4.93,3.07
1.02,62.7,58.0,2,6.36,6.4,4.0
0.71,62.3,60.0,1,5.69,5.73,3.56
1.12,62.2,54.0,2,6.65,6.7,4.15
0.38,62.1,57.0,1,4.62,4.65,2.88
0.7,61.6,58.0,1,5.73,5.7,3.52
0.41,61.5,59.0,1,4.78,4.75,2.93
2.06,61.5,56.0,3,8.15,8.18,5.02
0.6,60.6,57.0,1,5.43,5.47,3.3
0.31,62.0,57.0,1,4.35,4.33,2.69
0.32,59.5,57.0,1,4.45,4.49,2.66
1.01,62.1,58.0,2,6.4,6.37,3.97
0.78,61.3,56.0,2,5.92,6.0,3.64
0.33,61.4,57.0,1,4.49,4.47,2.75
0.35,61.4,55.0,1,4.55,4.6,2.81
1.01,63.1,57.0,2,6.39,6.29,4.0
2.0,63.3,59.0,3,8.03,7.96,5.06
0.38,61.7,55.0,1,4.66,4.68,2.88
0.5,63.8,55.0,1,5.09,5.04,3.23
0.71,61.9,56.0,2,5.66,5.72,3.53
0.4,59.6,63.0,1,4.77,4.81,2.85
0.6,59.6,59.0,1,5.52,5.48,3.28
0.97,59.9,59.0,2,6.38,6.45,3.84
2.01,61.3,58.0,3,8.14,8.07,4.97
0.9,63.9,60.0,2,6.07,6.1,3.89
1.06,58.8,61.0,2,6.63,6.67,3.91
1.5,60.8,59.0,2,7.34,7.36,4.47
0.3,62.5,59.0,1,4.26,4.28,2.67
2.25,61.2,63.0,3,8.49,8.38,5.16
0.34,62.2,56.0,1,4.44,4.47,2.77
0.73,62.0,58.0,1,5.75,5.8,3.58
0.64,60.5,58.1,1,5.59,5.62,3.39
1.11,61.4,57.0,2,6.67,6.63,4.08
1.52,62.1,57.0,3,7.27,7.32,4.53
0.33,62.3,57.0,1,4.43,4.37,2.74
0.41,62.3,58.0,1,4.73,4.78,2.96
0.41,61.8,58.0,1,4.73,4.79,2.94
0.81,61.5,58.0,2,5.99,5.94,3.97
1.01,61.9,58.0,2,6.39,6.34,3.94
0.61,61.5,56.0,1,5.44,5.49,3.36
1.29,61.3,58.0,2,6.98,7.04,4.3
0.5,62.0,56.0,1,5.1,5.13,3.17
1.27,63.3,63.0,2,6.82,6.87,4.33
0.42,61.3,57.0,1,4.79,4.86,2.96
0.71,63.0,56.0,2,5.69,5.65,3.58
0.9,63.1,55.0,2,6.08,6.13,3.85
0.7,63.6,57.0,1,5.61,5.65,3.58
1.5,63.4,63.0,2,7.23,7.19,4.57
0.33,61.8,56.0,1,4.46,4.44,2.75
1.09,62.0,56.0,2,6.61,6.59,4.09
1.21,62.0,58.0,3,6.82,6.86,4.24
0.9,63.6,59.0,2,6.12,6.07,3.88
1.01,59.5,57.0,2,6.61,6.66,3.95
0.71,64.3,63.0,1,5.63,5.56,3.6
0.3,61.8,57.0,1,4.28,4.3,2.65
1.04,61.7,57.0,2,6.55,6.51,4.03
1.52,60.7,57.0,2,7.41,7.38,4.49
0.55,57.1,63.0,1,5.39,5.47,3.1
0.71,61.0,59.0,1,5.72,5.69,3.48
2.1,61.7,53.0,3,8.3,8.19,5.09
0.7,59.5,58.0,1,5.79,5.73,3.43
1.0,59.1,59.0,2,6.56,6.51,3.86
1.01,62.3,58.0,2,6.44,6.41,4.0
1.0,59.9,61.0,2,6.46,6.42,3.86
0.77,62.1,56.0,2,5.85,5.88,3.64
0.4,60.6,56.0,1,4.77,4.78,2.9
0.23,61.0,57.0,1,3.97,4.01,2.44
0.4,63.8,59.0,1,4.64,4.57,2.94
0.5,62.0,56.0,1,5.13,5.09,3.17
0.52,59.9,57.0,1,5.28,5.21,3.14
2.04,60.2,58.0,3,8.17,8.24,4.94
0.38,61.2,58.0,1,4.68,4.63,2.85
0.33,62.1,53.9,1,4.43,4.45,2.76
0.53,60.1,58.0,1,5.32,5.27,3.18
1.5,64.2,56.0,2,7.3,7.09,4.62
1.0,58.7,58.0,2,6.55,6.51,3.83
1.24,62.6,55.0,3,6.94,6.89,4.33
0.48,58.2,59.2,1,5.09,5.14,2.98
0.3,62.2,56.0,1,4.27,4.31,2.67
0.7,63.1,57.0,1,5.64,5.58,3.54
0.92,62.4,60.0,2,6.18,6.22,3.87
0.59,60.7,56.0,1,5.46,5.41,3.3
1.01,62.5,60.0,2,6.39,6.34,3.98
0.33,61.6,57.0,1,4.42,4.45,2.73
1.0,67.6,59.0,2,6.03,5.95,4.05
0.23,62.8,55.0,1,3.88,3.9,2.44
0.59,60.7,57.0,2,5.41,5.45,3.29
1.5,66.1,57.0,2,7.06,6.98,4.64
0.32,63.0,58.0,1,4.35,4.32,2.73
0.32,62.0,57.0,1,4.37,4.4,2.72
1.01,62.0,60.0,2,6.4,6.37,3.96
1.5,62.1,60.0,2,7.28,7.22,4.5
0.73,63.0,58.0,1,5.71,5.75,3.61
0.55,64.2,55.0,1,5.18,5.2,3.33
0.31,63.9,56.0,1,4.3,4.28,2.74
1.01,63.1,59.0,2,6.34,6.37,4.01
0.54,61.3,58.0,1,5.24,5.27,3.22
0.42,60.9,57.0,1,4.85,4.87,2.96
0.31,61.6,55.0,1,4.38,4.42,2.71
2.01,60.8,61.0,3,7.99,8.09,4.89
1.01,64.7,58.0,2,6.14,6.23,4.0
1.25,63.3,55.8,2,6.83,6.87,4.34
0.5,61.9,58.0,1,5.15,5.05,3.15
1.51,60.7,57.0,2,7.42,7.35,4.48
0.44,61.1,57.0,1,4.91,4.94,3.01
0.55,62.7,57.0,1,5.17,5.23,3.26
0.38,61.0,57.0,1,4.67,4.71,2.86
0.51,61.5,55.0,1,5.16,5.18,3.18
0.4,61.7,58.0,1,4.7,4.74,2.91
0.37,60.8,57.0,1,4.61,4.66,2.82
0.33,63.8,55.0,1,4.4,4.44,2.82
0.7,62.9,60.0,2,5.62,5.67,3.55
1.01,60.2,59.0,2,6.48,6.55,3.92
1.5,62.4,64.0,2,7.22,7.26,4.52
0.44,61.8,55.0,1,4.91,4.86,3.02
0.53,59.9,60.0,1,5.28,5.24,3.15
1.02,61.5,57.0,2,6.44,6.47,3.97
0.36,61.8,56.0,1,4.57,4.6,2.84
0.31,61.6,57.0,1,4.37,4.33,2.68
0.7,62.4,55.0,1,5.68,5.7,3.55
0.71,62.3,56.0,1,5.73,5.69,3.56
0.53,61.4,58.0,1,5.19,5.17,3.18
1.12,60.2,59.0,2,6.7,6.85,4.08
1.75,61.6,56.0,2,7.73,7.75,4.77
0.35,61.4,55.0,1,4.54,4.58,2.8
1.52,61.5,60.0,2,7.44,7.39,4.56
1.22,62.7,58.0,2,6.8,6.72,4.24
0.31,60.4,58.0,1,4.39,4.42,2.66
0.38,59.7,60.0,1,4.69,4.66,2.79
1.61,62.4,55.0,2,7.51,7.48,4.68
0.28,63.7,58.0,1,4.12,4.14,2.63
0.7,58.7,61.0,1,5.77,5.81,3.4
1.0,61.3,58.0,2,6.41,6.38,3.92
1.76,61.1,59.0,3,7.81,7.9,4.8
0.31,61.7,61.0,1,4.31,4.34,2.67
0.31,61.5,56.0,1,4.39,4.42,2.71
1.08,61.3,56.0,2,6.59,6.62,4.05
0.43,63.6,53.0,1,4.79,4.83,3.06
0.31,62.5,54.0,1,4.35,4.39,2.73
0.56,61.0,57.0,1,5.32,5.34,3.25
1.75,62.0,55.0,2,7.7,7.73,4.78
0.33,62.2,56.0,1,4.44,4.46,2.77
1.23,62.4,57.0,3,6.88,6.83,4.28
0.31,61.5,56.0,1,4.34,4.41,2.69
1.11,61.6,57.0,2,6.7,6.74,4.14
0.52,63.9,57.0,1,5.08,5.12,3.26
0.9,63.5,57.0,2,6.06,6.03,3.84
1.51,58.0,59.0,2,7.57,7.54,4.38
0.4,60.9,55.0,1,4.8,4.78,2.92
0.58,61.1,55.0,1,5.45,5.42,3.32
0.5,68.6,56.0,1,4.87,4.75,3.3
1.57,62.3,54.0,2,7.5,7.49,4.67
0.92,62.1,60.0,2,6.22,6.21,3.86
1.22,61.9,53.0,2,6.9,6.92,4.28
0.4,62.0,56.0,1,4.73,4.75,2.94
0.4,62.3,56.0,1,4.78,4.72,2.96
0.52,62.3,56.0,1,5.11,5.16,3.2
0.4,62.2,55.0,1,4.74,4.72,2.94
1.2,62.5,59.0,2,6.76,6.72,4.21
0.32,63.0,59.0,1,4.33,4.37,2.74
0.7,60.6,62.0,1,5.68,5.64,3.43
1.03,62.0,59.0,2,6.49,6.42,4.0
0.56,61.3,56.0,1,5.32,5.27,3.25
0.9,63.2,57.0,2,6.1,6.05,3.84
0.3,62.4,58.0,1,4.31,4.28,2.68
0.7,62.7,55.0,1,5.68,5.74,3.58
1.06,62.0,57.0,3,6.49,6.54,4.04
1.01,63.5,56.0,2,6.32,6.27,4.0
0.54,61.8,56.0,1,5.26,5.29,3.26
0.3,61.9,57.0,1,4.35,4.31,2.68
0.4,62.9,58.0,1,4.7,4.74,2.97
1.32,60.6,60.0,2,7.1,7.05,4.29
1.09,62.1,55.1,2,6.57,6.63,4.1
0.33,60.8,55.0,1,4.49,4.53,2.74
1.23,61.2,58.0,2,6.93,6.87,4.22
0.63,61.1,56.0,1,5.52,5.58,3.39
1.01,62.6,58.0,2,6.37,6.44,4.01
1.2,63.3,54.4,2,6.72,6.78,4.27
2.14,61.5,58.0,3,8.24,8.31,5.09
1.0,59.9,59.0,2,6.46,6.42,3.86
2.03,63.0,56.0,3,8.04,7.99,5.05
0.35,61.9,56.0,1,4.5,4.53,2.79
0.69,62.6,59.6,1,5.59,5.66,3.52
0.9,62.6,56.0,2,6.13,6.17,3.85
1.51,60.7,60.0,2,7.43,7.36,4.49
1.01,63.6,59.0,2,6.36,6.32,4.03
1.0,61.3,61.0,2,6.52,6.39,3.96
0.51,65.4,60.0,2,4.98,4.9,3.23
1.29,62.0,57.0,2,6.92,6.98,4.31
1.91,64.6,56.0,2,7.76,7.7,4.99
0.34,62.7,55.0,1,4.48,4.49,2.81
0.33,62.8,56.0,1,4.45,4.41,2.78
1.08,59.4,59.0,2,6.75,6.68,3.99
0.63,58.8,59.0,1,5.68,5.62,3.32
1.02,62.6,54.0,2,6.45,6.41,4.02
0.39,60.9,55.0,1,4.73,4.76,2.89
0.9,63.3,56.0,1,6.13,6.1,3.87
0.55,60.8,55.0,1,5.26,5.33,3.22
0.9,62.6,60.0,2,6.11,6.06,3.81
1.32,62.7,56.0,2,7.03,6.97,4.39
0.3,61.7,61.0,1,4.31,4.28,2.65
0.37,59.8,59.0,1,4.66,4.63,2.78
1.19,60.3,57.0,2,6.93,6.83,4.15
0.43,61.9,56.0,1,4.85,4.88,3.01
0.55,62.0,57.0,1,5.22,5.26,3.25
1.0,62.0,55.0,2,6.42,6.38,3.97
1.55,59.8,59.0,2,7.45,7.47,4.46
0.3,61.1,57.0,1,4.3,4.34,2.64
2.42,62.3,58.0,3,8.63,8.55,5.35
0.5,61.3,58.0,1,5.06,5.12,3.12
0.61,61.1,57.0,1,5.46,5.49,3.34
0.3,62.5,54.0,1,4.29,4.32,2.69
0.41,62.7,56.0,1,4.77,4.74,2.98
1.24,62.0,55.0,2,6.88,6.95,4.29
0.74,62.8,59.0,1,5.71,5.76,3.6
1.01,62.0,56.0,2,6.41,6.47,3.99
0.42,62.3,58.0,1,4.81,4.76,2.98
0.72,60.7,60.0,1,5.87,5.8,3.54
0.72,59.9,58.0,1,5.85,5.81,3.49
0.52,61.7,56.0,1,5.21,5.17,3.2
0.56,62.0,56.0,1,5.28,5.3,3.28
1.01,63.0,54.0,2,6.43,6.39,4.04
0.33,62.5,59.0,1,4.39,4.41,2.75
1.21,61.9,55.0,2,6.86,6.8,4.23
0.4,63.6,56.0,1,4.63,4.68,2.96
0.52,61.8,55.0,1,5.19,5.15,3.2
0.6,59.4,60.0,1,5.57,5.51,3.29
0.81,62.3,57.0,2,5.95,5.99,3.72
0.72,61.8,56.0,1,5.72,5.75,3.55
0.33,62.4,59.0,1,4.41,4.47,2.77
1.01,60.5,60.0,2,6.58,6.51,3.96
0.3,61.4,55.0,1,4.34,4.36,2.67
0.5,60.6,59.0,1,5.13,5.03,3.08
1.01,63.5,60.0,2,6.23,6.31,3.98
0.5,63.2,61.0,1,5.05,5.02,3.18
0.7,60.0,57.0,1,5.74,5.8,3.46
1.71,63.8,58.0,3,7.54,7.48,4.79
2.01,61.6,57.0,3,8.08,8.0,4.95
0.5,61.9,57.0,1,5.08,5.1,3.15
0.35,61.5,55.0,1,4.53,4.57,2.8
0.3,62.5,55.0,1,4.3,4.34,2.7
0.94,62.2,59.0,2,6.27,6.23,3.89
1.02,62.9,56.0,2,6.39,6.43,4.03
1.22,59.0,61.0,2,7.02,6.98,4.13
1.0,62.9,59.0,2,6.3,6.39,3.99
0.9,63.6,58.0,2,6.11,6.1,3.88
0.51,65.2,55.0,1,5.05,5.01,3.28
0.35,61.6,56.0,1,4.52,4.54,2.79
1.72,62.9,58.0,3,7.63,7.59,4.79
0.41,63.1,57.0,1,4.73,4.68,2.97
0.43,61.5,57.0,1,4.88,4.84,2.99
0.31,62.2,56.0,1,4.31,4.34,2.69
1.5,62.7,59.0,2,7.21,7.24,4.53
1.0,64.1,60.0,2,6.3,6.22,4.01
0.32,61.5,57.0,1,4.45,4.43,2.73
1.0,67.9,62.0,1,6.19,6.03,4.15
0.39,62.5,55.0,1,4.63,4.68,2.91
1.2,60.9,57.0,2,6.87,6.9,4.19
0.3,62.2,59.0,1,4.28,4.24,2.65
0.9,62.2,59.0,1,6.11,6.07,3.79
0.37,62.0,55.0,1,4.62,4.64,2.87
0.9,62.2,55.0,2,6.16,6.21,3.85
0.32,61.0,59.0,1,4.46,4.42,2.71
0.56,61.6,56.0,1,5.29,5.33,3.27
1.09,62.3,57.0,2,6.6,6.57,4.1
1.12,60.1,58.0,2,6.78,6.83,4.09
0.4,61.8,55.0,1,4.74,4.78,2.94
1.02,62.0,56.0,2,6.44,6.46,4.0
0.31,63.3,55.0,1,4.35,4.31,2.74
0.38,59.5,57.0,1,4.77,4.84,2.86
0.55,61.6,56.0,1,5.26,5.28,3.25
1.16,61.7,62.0,1,6.68,6.64,4.11
0.31,62.4,55.0,1,4.33,4.36,2.71
0.54,61.2,56.0,1,5.23,5.29,3.22
0.38,60.5,58.0,1,4.7,4.66,2.83
0.3,61.9,54.0,1,4.33,4.36,2.69
0.32,61.5,58.0,1,4.35,4.4,2.69
0.3,60.0,60.0,1,4.36,4.38,2.62
0.31,60.9,57.0,1,4.41,4.39,2.68
0.9,62.1,62.0,1,6.12,6.05,3.78
1.25,61.4,55.0,2,6.92,6.99,4.27
0.76,61.9,53.0,1,5.85,5.92,3.64
0.4,62.4,56.0,1,4.71,4.75,2.95
1.15,62.2,60.0,2,6.69,6.66,4.15
0.24,61.7,56.0,1,3.98,4.0,2.45
0.41,62.6,57.0,1,4.71,4.74,2.96
0.35,59.5,58.0,1,4.62,4.59,2.74
0.39,61.3,56.0,1,4.71,4.75,2.9
0.82,64.0,57.0,1,5.92,5.89,3.78
0.58,59.4,58.0,1,5.45,5.5,3.25
0.3,61.5,55.0,1,4.3,4.34,2.66
0.82,62.6,59.0,1,5.91,5.87,3.69
0.71,63.0,56.0,1,5.7,5.69,3.59
0.78,60.8,60.0,1,5.97,5.94,3.62
0.7,61.8,60.0,1,5.65,5.61,3.48
1.0,61.9,57.0,2,6.43,6.39,3.97
0.4,63.8,55.0,1,4.65,4.69,2.98
0.72,62.0,56.0,1,5.75,5.77,3.57
0.5,61.8,60.0,1,5.06,5.1,3.14
0.51,62.7,62.0,2,5.09,4.96,3.15
0.7,61.1,57.0,2,5.7,5.75,3.5
0.51,61.4,58.0,1,5.18,5.15,3.17
1.09,60.9,56.0,2,6.66,6.7,4.07
1.34,62.5,56.0,2,7.09,7.05,4.42
1.15,62.2,59.0,2,6.75,6.68,4.18
0.36,61.1,59.0,1,4.62,4.58,2.81
0.6,58.9,59.0,1,5.55,5.52,3.26
0.73,62.0,57.0,1,5.74,5.77,3.56
1.55,62.5,55.0,3,7.38,7.4,4.62
0.3,61.1,55.0,1,4.36,4.38,2.67
2.01,64.1,62.0,3,7.94,7.85,5.06
1.04,61.5,55.0,2,6.54,6.55,4.02
0.23,63.3,57.0,1,3.88,3.95,2.48
0.9,64.2,56.0,2,6.04,6.11,3.9
1.58,60.0,57.0,3,7.58,7.52,4.53
0.42,61.4,56.0,1,4.85,4.82,2.97
0.9,63.8,56.0,2,6.11,6.14,3.91
0.32,61.0,61.0,1,4.41,4.38,2.68
0.34,62.1,55.0,1,4.49,4.46,2.78
0.55,63.3,56.0,1,5.22,5.24,3.31
0.42,62.0,59.0,1,4.76,4.79,2.96
1.53,59.2,57.0,2,7.52,7.55,4.46
0.3,64.2,57.0,1,4.24,4.13,2.69
0.3,62.6,59.0,1,4.24,4.26,2.66
2.0,62.7,58.0,3,8.06,8.01,5.04
1.01,61.9,62.0,2,6.45,6.37,3.97
1.5,62.0,55.0,2,7.29,7.34,4.54
0.3,61.9,56.0,1,4.28,4.31,2.66
1.19,62.3,58.0,2,6.82,6.77,4.23
1.59,62.0,58.0,2,7.44,7.39,4.6
0.4,62.1,58.0,1,4.76,4.71,2.94
0.3,61.6,57.0,1,4.33,4.3,2.66
0.3,62.0,56.0,1,4.3,4.34,2.68
2.03,59.8,59.0,3,8.29,8.24,4.94
0.3,61.4,59.0,1,4.3,4.33,2.65
0.4,61.8,54.0,1,4.75,4.77,2.94
0.54,61.9,56.0,1,5.29,5.24,3.26
0.54,62.0,55.0,1,5.21,5.24,3.24
0.33,63.7,56.0,1,4.36,4.4,2.79
1.0,63.1,61.0,2,6.33,6.38,4.01
1.32,62.6,62.0,2,6.92,7.01,4.36
0.96,58.7,58.0,2,6.47,6.51,3.81
0.51,61.0,56.0,1,5.17,5.19,3.16
0.33,61.7,59.0,1,4.39,4.42,2.72
0.77,61.7,55.0,2,5.89,5.91,3.64
0.7,61.7,60.0,1,5.67,5.7,3.51
1.53,62.6,57.0,2,7.37,7.33,4.6
0.41,62.9,54.0,1,4.74,4.7,2.97
0.41,61.4,59.2,1,4.76,4.78,2.93
0.52,61.8,57.0,1,5.2,5.16,3.2
2.01,66.9,57.0,3,7.87,7.76,5.23
1.52,61.8,55.1,2,7.38,7.42,4.58
1.55,62.5,60.0,2,7.33,7.35,4.59
1.7,62.1,57.0,2,7.68,7.63,4.75
0.36,61.3,57.0,1,4.58,4.56,2.8
1.21,62.7,55.2,2,6.79,6.84,4.27
2.01,62.3,58.0,3,8.03,8.01,5.0
1.02,61.2,56.0,2,6.51,6.56,4.0
0.37,62.3,55.0,1,4.59,4.62,2.87
0.3,62.1,60.0,1,4.28,4.26,2.65
0.71,63.4,57.0,1,5.7,5.63,3.59
0.3,60.9,57.0,1,4.35,4.39,2.66
0.75,59.1,58.0,1,5.87,5.91,3.48
1.51,61.7,57.0,2,7.44,7.4,4.58
1.02,60.6,59.0,2,6.53,6.47,3.94
1.21,61.6,58.0,2,6.88,6.82,4.22
0.41,62.4,60.0,1,4.71,4.77,2.96
1.2,61.4,56.0,2,6.88,6.79,4.2
0.51,64.4,54.0,1,5.06,5.03,3.25
0.43,62.3,58.0,1,4.82,4.78,2.99
0.3,62.9,58.0,1,4.27,4.22,2.67
1.01,59.8,60.0,2,6.56,6.48,3.9
1.02,62.5,58.0,2,6.46,6.41,4.02
1.01,62.0,57.0,2,6.4,6.44,3.98
0.85,62.8,57.0,2,6.06,6.01,3.79
0.54,63.1,58.0,1,5.21,5.13,3.26
0.9,63.6,57.0,2,6.09,6.12,3.88
1.0,61.7,63.0,2,6.36,6.37,3.93
0.4,60.5,60.0,1,4.8,4.76,2.89
1.15,63.0,57.0,2,6.71,6.66,4.21
0.31,61.4,54.0,1,4.4,4.33,2.68
0.41,60.6,59.0,1,4.84,4.8,2.92
0.71,63.9,57.0,1,5.57,5.61,3.57
1.55,61.9,60.0,2,7.31,7.36,4.54
1.01,61.2,60.0,2,6.41,6.44,3.93
0.51,61.4,56.0,1,5.15,5.17,3.17
0.72,63.7,54.0,1,5.68,5.71,3.63
0.41,60.8,59.0,1,4.78,4.8,2.91
0.34,62.1,55.0,1,4.47,4.49,2.78
0.83,61.2,59.0,1,6.03,6.06,3.7
1.5,61.3,61.0,3,7.32,7.39,4.51
0.26,61.8,58.0,1,4.14,4.11,2.55
0.33,61.3,56.0,1,4.43,4.47,2.73
2.53,61.1,57.0,3,8.82,8.76,5.37
1.22,62.0,58.0,2,6.9,6.85,4.26
0.72,61.9,54.0,1,5.76,5.8,3.58
0.43,61.2,59.0,1,4.87,4.84,2.97
0.35,61.4,56.0,1,4.51,4.55,2.78
0.3,61.4,55.0,1,4.34,4.32,2.66
1.01,57.1,58.0,2,6.6,6.64,3.78
1.06,62.3,56.0,2,6.56,6.51,4.07
0.7,61.9,58.0,2,5.67,5.74,3.53
0.81,64.6,59.0,1,5.83,5.78,3.75
0.4,62.7,57.0,1,4.68,4.7,2.94
0.5,61.6,57.0,1,5.08,5.11,3.14
0.7,62.5,58.0,1,5.63,5.69,3.54
1.25,61.9,58.0,2,6.9,6.84,4.25
1.2,63.3,56.0,2,6.75,6.72,4.26
1.07,61.4,55.0,2,6.59,6.66,4.06
0.41,62.6,58.0,1,4.7,4.75,2.96
0.34,61.9,58.0,1,4.43,4.52,2.77
0.51,62.4,58.0,1,5.13,5.07,3.18
0.51,60.5,63.0,1,5.17,5.11,3.11
1.14,62.8,58.0,2,6.61,6.56,4.14
0.31,62.1,59.0,1,4.39,4.34,2.71
0.4,62.2,55.0,1,4.71,4.75,2.94
1.1,62.7,58.5,2,6.5,6.59,4.1
0.73,61.9,55.0,1,5.83,5.77,3.59
0.55,62.1,56.0,1,5.28,5.22,3.26
0.7,61.3,58.0,1,5.68,5.71,3.49
0.42,60.6,61.0,1,4.87,4.83,2.94
0.4,61.8,56.0,1,4.72,4.75,2.92
0.24,62.6,57.0,1,3.92,4.0,2.48
0.6,61.4,59.0,1,5.41,5.44,3.33
0.71,61.9,55.0,2,5.74,5.77,3.56
0.3,63.1,58.0,1,4.23,4.27,2.68
1.23,61.3,58.0,2,6.89,6.87,4.22
1.71,61.7,59.0,2,7.63,7.7,4.73
0.4,61.7,56.0,1,4.73,4.77,2.93
0.32,59.8,57.0,1,4.4,4.46,2.65
0.4,62.2,55.0,1,4.72,4.77,2.95
1.03,60.6,59.0,2,6.5,6.53,3.95
0.9,58.3,61.0,2,6.24,6.29,3.65
0.73,61.0,56.0,1,5.82,5.86,3.56
0.26,61.9,55.0,1,4.07,4.11,2.53
1.03,59.5,60.0,2,6.6,6.54,3.91
0.42,62.4,57.0,1,4.78,4.83,3.0
0.42,61.3,57.0,1,4.8,4.82,2.95
0.9,61.6,61.0,2,6.12,6.16,3.78
0.35,61.8,56.0,1,4.55,4.51,2.8
0.54,61.4,56.0,1,5.27,5.29,3.24
2.01,62.9,57.0,3,8.05,7.98,5.04
1.5,59.4,62.0,3,7.4,7.48,4.42
1.31,59.5,61.0,2,7.16,7.19,4.27
1.0,63.6,59.0,2,6.32,6.35,4.03
0.42,63.0,55.0,1,4.76,4.79,3.01
1.0,65.3,61.0,2,6.33,6.13,4.03
0.4,63.0,57.0,1,4.68,4.65,2.94
1.15,62.0,56.0,2,6.68,6.75,4.16
2.03,63.2,60.0,3,7.88,7.94,5.0
0.51,61.9,56.0,1,5.11,5.14,3.17
0.5,60.5,60.0,1,5.15,5.07,3.1
0.3,62.3,56.0,1,4.29,4.32,2.68
0.47,62.1,53.0,1,4.99,5.02,3.11
0.46,65.6,57.0,1,4.85,4.82,3.17
0.3,62.2,60.0,1,4.24,4.25,2.64
1.51,63.0,60.0,2,7.25,7.3,4.58
1.15,61.7,59.0,2,6.7,6.66,4.12
0.54,60.9,56.0,1,5.31,5.27,3.22
0.51,59.7,58.0,1,5.2,5.26,3.12
0.51,64.0,57.0,1,5.01,5.06,3.22
1.05,60.6,57.0,2,6.59,6.55,3.98
1.74,62.5,57.0,3,7.71,7.67,4.81
1.53,60.1,59.0,2,7.51,7.47,4.5
1.07,59.8,60.0,2,6.7,6.65,3.99
0.72,61.8,61.0,1,5.68,5.75,3.53
1.02,60.8,58.0,2,6.46,6.5,3.94
0.23,61.8,60.0,1,3.91,3.95,2.43
0.29,61.3,56.0,1,4.26,4.29,2.62
0.31,62.4,57.0,1,4.32,4.36,2.71
0.3,61.6,55.0,1,4.3,4.34,2.66
0.9,61.6,56.0,2,6.17,6.13,3.79
0.32,61.1,59.0,1,4.42,4.38,2.69
0.87,59.9,59.0,2,6.2,6.16,3.7
0.26,62.5,56.0,1,4.1,4.12,2.57
0.72,61.1,56.0,2,5.92,5.8,3.55
1.19,60.4,55.0,2,6.91,6.89,4.17
1.01,62.8,60.0,2,6.4,6.34,4.0
0.51,61.7,56.0,1,5.14,5.17,3.18
0.73,58.1,62.0,1,5.92,5.93,3.44
1.04,61.6,57.0,2,6.52,6.56,4.03
0.71,61.0,56.0,2,5.77,5.8,3.53
0.56,62.6,56.0,1,5.28,5.3,3.31
1.06,60.7,56.0,2,6.6,6.64,4.02
0.53,61.3,56.0,1,5.21,5.24,3.2
1.04,64.2,56.0,2,6.39,6.36,4.09
1.2,62.6,60.0,2,6.68,6.74,4.2
0.9,63.1,60.0,2,6.18,6.14,3.89
0.25,61.5,56.0,1,4.06,4.08,2.5
0.57,61.7,56.0,1,5.35,5.31,3.29
1.5,61.4,59.0,2,7.34,7.31,4.5
0.42,61.1,57.0,1,4.82,4.84,2.95
0.9,64.1,59.0,2,5.97,6.07,3.86
2.13,59.6,59.0,3,8.43,8.37,5.01
1.23,62.2,55.0,2,6.81,6.85,4.25
0.92,61.4,56.0,2,6.26,6.28,3.85
1.61,62.7,55.0,2,7.48,7.54,4.71
1.3,62.7,58.0,2,7.01,6.97,4.38
0.43,60.8,57.0,1,4.9,4.87,2.97
0.37,61.4,58.0,1,4.63,4.65,2.85
1.24,61.1,60.0,2,6.94,6.91,4.23
0.32,61.7,56.0,1,4.39,4.43,2.72
0.9,60.8,55.0,2,6.25,6.28,3.81
1.14,62.7,58.0,2,6.68,6.63,4.17
0.36,62.0,59.0,1,4.53,4.56,2.82
0.31,61.3,56.0,1,4.37,4.4,2.69
0.3,60.4,57.0,1,4.36,4.38,2.64
0.4,62.2,55.0,1,4.75,4.71,2.94
0.31,59.3,59.0,1,4.38,4.42,2.61
1.51,59.5,59.0,3,7.48,7.54,4.47
0.39,61.3,58.0,1,4.7,4.73,2.89
0.31,60.7,61.0,1,4.33,4.37,2.64
0.23,62.5,59.0,1,3.91,3.96,2.46
0.89,60.8,56.0,2,6.22,6.25,3.79
0.41,62.0,53.0,1,4.77,4.81,2.97
0.4,61.8,58.0,1,4.69,4.73,2.91
0.28,62.1,56.0,1,4.21,4.19,2.61
0.59,59.1,57.0,1,5.52,5.48,3.25
1.71,60.3,61.0,2,7.74,7.69,4.65
1.33,62.5,54.0,2,7.02,7.05,4.4
0.36,60.9,55.0,1,4.64,4.68,2.84
0.32,62.6,58.0,1,4.39,4.37,2.74
1.03,62.2,59.0,2,6.48,6.42,4.01
0.93,62.0,56.0,2,6.25,6.29,3.89
0.73,61.8,58.0,1,5.76,5.71,3.54
0.7,61.8,56.0,1,5.66,5.6,3.48
0.5,58.6,61.0,1,5.21,5.16,3.04
0.33,61.9,56.0,1,4.42,4.47,2.75
0.51,61.0,60.0,1,5.15,5.18,3.15
1.52,61.7,55.0,2,7.39,7.32,4.54
1.16,61.9,55.0,2,6.75,6.78,4.19
0.27,61.7,57.0,1,4.16,4.14,2.56
0.3,62.6,56.0,1,4.33,4.29,2.7
0.71,61.6,54.0,2,5.76,5.79,3.56
1.16,62.8,59.0,2,6.7,6.64,4.19
0.57,62.1,56.0,1,5.28,5.32,3.29
0.33,61.6,55.0,1,4.46,4.43,2.74
1.0,62.2,59.0,2,6.38,6.35,3.96
0.33,60.4,60.0,1,4.46,4.41,2.68
0.31,62.2,55.0,1,4.33,4.38,2.71
0.72,62.0,56.0,1,5.8,5.74,3.58
0.7,62.2,55.0,2,5.64,5.67,3.52
0.56,61.9,57.0,1,5.29,5.31,3.28
0.33,62.4,55.0,1,4.43,4.45,2.77
0.74,59.2,59.0,1,5.92,5.97,3.52
0.32,61.3,57.0,1,4.45,4.42,2.72
1.89,62.9,58.0,2,7.87,7.81,4.93
1.15,62.0,58.0,2,6.77,6.71,4.18
1.25,63.6,57.0,2,6.86,6.81,4.35
0.34,61.3,55.0,1,4.52,4.55,2.78
0.51,60.8,57.0,1,5.24,5.19,3.17
0.9,60.0,59.0,2,6.3,6.23,3.76
1.57,62.0,58.0,2,7.45,7.48,4.63
1.0,61.9,56.0,2,6.41,6.36,3.95
1.01,62.3,61.0,2,6.39,6.32,3.96
1.26,61.4,56.0,2,7.01,6.97,4.29
0.31,62.1,56.0,1,4.33,4.37,2.7
1.22,61.7,56.0,2,6.89,6.86,4.24
1.06,62.3,58.0,2,6.56,6.51,4.07
0.73,61.2,60.0,1,5.78,5.73,3.52
1.0,62.4,61.0,2,6.34,6.32,3.95
0.91,60.6,57.0,2,6.25,6.27,3.79
0.41,61.6,57.0,1,4.78,4.8,2.95
1.19,62.0,56.0,2,6.8,6.77,4.21
0.5,60.0,62.0,1,5.12,5.18,3.09
1.52,61.7,57.0,2,7.38,7.41,4.56
0.3,62.4,58.0,1,4.26,4.3,2.67
0.53,63.8,57.0,1,5.12,5.1,3.26
1.5,63.5,60.0,2,7.19,7.12,4.54
1.0,57.3,64.0,2,6.59,6.46,3.79
0.3,62.5,57.0,1,4.27,4.3,2.68
1.81,59.9,61.0,3,7.85,7.91,4.72
0.7,61.8,55.0,1,5.71,5.68,3.52
0.32,62.0,54.0,1,4.41,4.37,2.72
0.31,61.9,56.0,1,4.38,4.34,2.7
1.06,62.3,55.0,2,6.54,6.49,4.06
0.74,60.6,55.0,2,5.87,5.93,3.57
1.07,62.3,53.0,2,6.57,6.59,4.1
0.77,60.3,56.0,1,5.96,5.92,3.58
0.91,62.7,59.0,2,6.13,6.16,3.85
0.7,59.2,61.0,2,5.79,5.84,3.44
0.32,61.1,57.0,1,4.44,4.4,2.7
0.51,62.5,56.0,1,5.12,5.09,3.19
0.84,63.7,59.0,1,5.94,5.9,3.77
0.68,58.7,60.0,1,5.8,5.76,3.39
0.36,61.8,58.0,1,4.57,4.52,2.81
0.41,60.9,56.0,1,4.79,4.83,2.93
0.41,62.6,57.0,1,4.74,4.71,2.96
1.31,62.2,57.0,2,7.0,6.96,4.34
0.38,59.2,58.0,1,4.76,4.8,2.83
0.33,61.5,54.0,1,4.46,4.49,2.75
0.74,61.9,57.0,1,5.83,5.81,3.6
1.51,62.4,55.0,2,7.28,7.34,4.56
1.0,57.8,59.0,2,6.53,6.47,3.75
0.32,61.4,57.0,1,4.41,4.38,2.7
0.82,62.1,56.0,1,6.01,5.98,3.72
0.58,61.4,61.0,1,5.43,5.38,3.32
2.5,64.9,58.0,3,8.46,8.43,5.48
0.32,60.7,57.0,1,4.45,4.41,2.69
0.76,62.0,54.7,2,5.83,5.87,3.62
0.32,59.9,55.0,1,4.49,4.46,2.68
0.87,62.0,55.0,2,6.1,6.13,3.79
0.46,62.7,57.0,1,4.89,4.93,3.08
1.2,63.2,58.0,2,6.78,6.74,4.27
0.41,62.4,56.0,1,4.74,4.78,2.97
0.71,57.8,60.0,1,5.9,5.87,3.4
0.38,60.4,59.0,1,4.7,4.71,2.84
1.04,61.5,57.0,2,6.51,6.54,4.01
1.06,62.3,58.0,2,6.49,6.52,4.05
1.98,62.5,58.0,3,7.95,7.99,4.98
1.11,62.4,58.0,2,6.69,6.57,4.14
0.34,61.9,56.0,1,4.46,4.49,2.77
0.31,58.9,59.0,1,4.5,4.47,2.64
1.37,60.9,59.0,2,7.22,7.17,4.38
0.38,61.2,59.0,1,4.64,4.67,2.85
1.02,62.5,58.0,2,6.4,6.43,4.01
0.72,60.5,55.0,2,5.82,5.85,3.53
0.96,61.6,59.0,2,6.24,6.29,3.86
0.3,61.4,56.0,1,4.32,4.34,2.66
1.2,62.8,59.0,2,6.78,6.69,4.23
0.51,61.8,55.0,1,5.18,5.14,3.19
2.06,61.0,61.0,3,8.18,8.1,5.02
0.57,61.2,57.0,1,5.31,5.35,3.26
1.21,62.3,59.0,2,6.74,6.78,4.21
0.41,60.0,61.0,1,4.78,4.86,2.89
0.52,63.8,56.0,1,5.06,5.1,3.24
1.51,62.3,54.0,2,7.38,7.32,4.58
1.23,63.0,56.0,2,6.83,6.79,4.29
0.23,60.9,57.0,1,3.96,3.99,2.42
0.33,61.1,59.0,1,4.47,4.44,2.72
2.04,62.9,54.0,3,8.16,8.08,5.1
1.51,60.2,59.0,3,7.43,7.33,4.44
0.25,61.6,57.0,1,4.05,4.07,2.5
0.74,63.0,56.0,1,5.75,5.77,3.63
1.21,62.7,57.0,2,6.72,6.77,4.23
1.02,62.6,60.0,2,6.42,6.39,4.01
0.46,62.6,53.0,1,4.93,4.97,3.1
2.06,61.5,58.0,3,8.2,8.15,5.03
1.55,59.7,60.0,3,7.62,7.56,4.53
0.36,61.8,55.0,1,4.58,4.61,2.84
1.0,63.0,54.0,2,6.33,6.37,4.0
0.38,60.3,56.0,1,4.72,4.74,2.85
0.42,62.4,59.0,1,4.8,4.78,2.99
1.2,62.2,65.0,2,6.75,6.7,4.18
0.49,61.5,58.0,1,5.08,5.06,3.12
0.39,63.0,61.0,1,4.62,4.65,2.92
0.32,61.8,54.0,1,4.41,4.43,2.73
0.75,60.8,57.0,2,5.87,5.9,3.58
1.02,65.5,60.0,2,6.29,6.22,4.1
1.52,60.9,57.0,2,7.44,7.5,4.55
0.5,67.6,57.0,1,4.95,4.84,3.31
0.6,60.9,58.0,1,5.43,5.48,3.32
0.63,60.4,58.0,1,5.59,5.64,3.39
0.31,59.8,57.0,1,4.43,4.46,2.65
0.91,62.3,55.0,2,6.2,6.23,3.87
1.31,59.6,58.0,2,7.14,7.08,4.24
0.5,62.7,56.0,1,5.07,5.1,3.19
0.27,61.6,57.0,1,4.16,4.12,2.55
1.2,61.4,60.0,2,6.86,6.81,4.2
1.04,61.9,57.0,2,6.46,6.5,4.01
0.33,61.8,58.0,1,4.43,4.4,2.73
0.28,62.3,52.0,1,4.2,4.26,2.62
0.33,61.7,56.0,1,4.46,4.48,2.76
2.05,60.1,59.0,3,8.2,8.3,4.96
0.5,57.9,62.0,1,5.21,5.18,3.01
0.56,60.1,58.0,1,5.36,5.39,3.23
2.0,63.6,62.0,2,7.97,7.8,5.02
0.3,63.0,57.0,1,4.27,4.24,2.68
0.52,61.7,56.0,1,5.15,5.19,3.19
0.31,62.0,55.0,1,4.33,4.35,2.69
0.42,61.5,61.0,1,4.87,4.82,2.98
0.9,59.8,55.0,2,6.3,6.34,3.78
0.82,61.3,57.0,2,6.02,6.07,3.7
0.3,61.6,61.0,1,4.25,4.29,2.63
2.04,57.7,64.0,2,8.39,8.31,4.82
0.79,62.2,55.0,2,5.97,5.9,3.69
0.71,63.6,57.0,1,5.66,5.69,3.61
0.33,61.5,56.0,1,4.47,4.44,2.74
2.52,66.9,57.0,2,8.39,8.33,5.6
0.3,62.8,59.0,1,4.24,4.29,2.68
0.28,61.5,56.0,1,4.22,4.24,2.6
0.33,61.7,54.0,1,4.46,4.49,2.76
2.02,59.4,59.0,3,8.21,8.25,4.89
0.54,62.4,56.0,1,5.22,5.2,3.25
0.43,61.4,56.0,1,4.87,4.9,3.0
0.4,60.5,59.0,1,4.8,4.76,2.89
1.02,62.5,60.0,2,6.43,6.38,4.0
2.02,57.9,62.0,3,8.25,8.3,4.79
1.03,61.2,58.0,2,6.52,6.55,4.0
0.52,60.4,66.0,1,5.26,5.2,3.16
0.9,64.0,55.0,2,6.05,6.02,3.86
1.13,60.4,56.0,2,6.78,6.7,4.07
0.76,59.6,58.0,2,5.91,5.96,3.54
1.07,60.7,58.0,2,6.62,6.66,4.03
1.0,63.5,59.0,2,6.23,6.33,3.99
0.56,60.8,55.0,1,5.34,5.36,3.25
0.9,62.4,55.0,2,6.17,6.21,3.86
1.0,63.9,62.0,2,6.26,6.32,4.02
1.06,62.7,56.0,2,6.52,6.47,4.07
0.74,62.1,53.4,2,5.8,5.82,3.61
0.71,62.8,57.0,1,5.68,5.63,3.55
0.9,62.4,63.0,2,6.15,6.18,3.85
0.31,62.6,55.0,1,4.29,4.33,2.7
0.39,59.5,58.0,1,4.74,4.77,2.83
0.4,61.9,59.0,1,4.67,4.7,2.9
0.7,60.9,59.0,1,5.67,5.76,3.48
1.01,63.5,57.0,2,6.38,6.31,4.03
0.56,62.1,55.0,1,5.29,5.33,3.3
0.4,62.2,61.0,1,4.71,4.68,2.92
1.24,61.4,59.0,2,6.87,6.91,4.23
0.33,60.9,56.0,1,4.48,4.45,2.72
0.32,60.8,57.0,1,4.44,4.41,2.69
0.71,59.9,57.0,2,5.8,5.83,3.48
0.77,59.5,58.0,2,5.96,5.94,3.54
0.31,61.4,56.0,1,4.38,4.35,2.68
0.27,61.0,56.0,1,4.17,4.19,2.55
1.01,61.9,55.0,2,6.49,6.46,4.01
0.9,60.7,61.0,2,6.16,6.22,3.76
0.9,59.3,56.0,2,6.27,6.32,3.73
0.34,61.5,59.0,1,4.5,4.47,2.76
0.86,66.5,54.1,2,5.89,5.97,3.94
2.02,58.2,57.0,3,8.31,8.35,4.85
0.7,60.4,61.0,1,5.68,5.77,3.46
1.01,61.1,56.0,2,6.43,6.36,3.91
0.58,61.2,57.0,1,5.37,5.41,3.3
0.36,61.8,55.0,1,4.57,4.62,2.84
0.35,61.8,57.0,1,4.5,4.53,2.79
0.34,62.1,55.0,1,4.49,4.46,2.78
1.4,62.7,57.0,2,7.13,7.09,4.46
0.3,63.4,58.0,1,4.21,4.24,2.68
0.32,63.1,54.0,1,4.36,4.42,2.77
2.01,62.4,61.0,3,8.01,7.99,4.99
0.72,63.0,56.0,1,5.73,5.76,3.62
1.52,58.3,62.0,2,7.61,7.49,4.4
0.31,60.8,54.0,1,4.4,4.39,2.67
0.47,62.0,55.0,1,4.97,5.0,3.09
0.59,61.4,58.0,1,5.38,5.4,3.31
2.16,61.4,55.0,3,8.34,8.27,5.1
0.31,61.2,56.0,1,4.37,4.39,2.68
0.41,63.0,56.0,1,4.8,4.75,3.01
0.54,61.6,57.0,1,5.25,5.23,3.23
0.39,63.5,56.0,1,4.67,4.65,2.96
1.01,65.3,57.0,2,6.33,6.23,4.1
0.91,60.3,57.0,2,6.26,6.34,3.8
0.41,62.4,58.0,1,4.7,4.76,2.95
0.93,62.2,59.0,2,6.26,6.21,3.88
0.27,61.7,57.0,1,4.21,4.12,2.57
0.71,62.5,57.0,1,5.7,5.73,3.57
0.63,62.6,56.0,1,5.45,5.48,3.42
1.09,59.9,59.0,2,6.73,6.7,4.02
0.3,61.4,55.0,1,4.31,4.34,2.65
2.01,63.5,57.0,3,7.96,7.88,5.03
0.32,61.3,56.0,1,4.42,4.45,2.72
1.22,61.8,57.0,2,6.83,6.85,4.23
0.31,61.7,56.0,1,4.38,4.34,2.69
0.5,61.1,57.0,1,5.14,5.2,3.16
0.9,61.5,58.0,2,6.21,6.15,3.8
0.31,62.1,54.0,1,4.34,4.36,2.7
0.7,61.2,56.0,2,5.73,5.78,3.52
0.34,62.4,53.0,1,4.52,4.49,2.81
0.5,59.4,60.0,1,5.17,5.13,3.06
0.7,62.6,55.0,1,5.65,4.5,3.0
2.01,60.3,59.0,3,8.23,8.15,4.94
0.31,62.3,58.0,1,4.35,4.38,2.72
0.51,62.5,58.0,1,5.12,5.18,3.22
0.3,61.8,56.0,1,4.31,4.34,2.67
2.11,62.2,58.0,3,8.19,8.23,5.11
1.12,60.4,56.0,2,6.82,6.78,4.11
0.9,62.2,62.5,2,6.08,6.1,3.78
2.0,61.1,59.0,3,8.07,8.11,4.94
0.34,60.6,57.0,1,4.51,4.53,2.74
0.54,62.7,57.0,1,5.23,5.17,3.26
2.14,61.7,58.0,3,8.28,8.22,5.09
1.25,62.7,57.0,2,6.82,6.86,4.29
0.32,63.8,59.0,1,4.33,4.29,2.75
0.54,61.4,57.0,1,5.21,5.24,3.21
0.9,63.7,56.0,2,6.08,6.13,3.89
0.3,62.1,56.0,1,4.31,4.29,2.67
0.51,62.3,59.0,1,5.12,5.06,3.17
1.0,64.3,53.0,2,6.29,6.34,4.06
0.59,60.7,58.0,2,5.45,5.49,3.32
0.33,60.8,58.0,1,4.46,4.49,2.72
0.83,62.4,54.0,1,6.01,6.08,3.77
0.36,60.7,56.0,1,4.59,4.63,2.8
0.35,62.0,54.0,1,4.56,4.57,2.83
1.2,62.5,56.0,2,6.84,6.79,4.26
0.93,60.9,57.0,2,6.29,6.25,3.82
0.57,62.2,55.0,1,5.37,5.31,3.32
0.54,61.1,55.0,1,5.37,5.24,3.24
0.7,62.8,58.0,1,5.62,5.68,3.55
1.69,62.0,56.0,2,7.66,7.61,4.73
0.38,62.8,55.0,1,4.66,4.64,2.92
1.21,62.2,55.0,2,6.79,6.83,4.23
1.4,63.0,56.0,2,7.13,7.07,4.47
0.28,61.9,55.0,1,4.2,4.23,2.61
0.51,60.4,59.0,1,5.16,5.21,3.13
0.33,60.4,57.0,1,4.48,4.52,2.72
0.3,63.7,59.0,1,4.21,4.27,2.7
0.57,63.3,55.0,1,5.29,5.32,3.36
0.55,61.1,57.0,1,5.26,5.35,3.24
0.76,55.5,69.0,1,6.16,6.07,3.39
0.9,65.6,56.0,2,6.1,6.03,3.98
1.08,58.2,63.0,2,6.69,6.78,3.92
1.05,62.2,59.0,2,6.44,6.51,4.03
0.23,61.9,59.0,1,3.94,3.97,2.45
2.35,59.9,58.0,3,8.68,8.61,5.18
0.31,61.3,56.0,1,4.34,4.37,2.67
0.31,63.6,56.0,1,4.29,4.26,2.72
1.01,68.9,60.0,2,6.06,6.02,4.17
0.56,61.9,57.0,1,5.25,5.29,3.26
1.55,61.3,61.0,2,7.46,7.39,4.55
2.01,58.7,59.0,3,8.23,8.27,4.84
0.24,62.0,56.0,1,3.99,4.01,2.48
1.55,59.7,66.0,2,7.59,7.47,4.49
0.52,61.6,54.0,1,5.21,5.24,3.22
1.04,61.8,59.0,2,6.49,6.55,4.03
1.57,61.3,59.0,2,7.44,7.47,4.57
0.34,60.6,63.0,1,4.46,4.59,2.74
0.55,60.9,56.0,1,5.3,5.34,3.24
1.23,62.9,58.0,2,6.75,6.83,4.27
1.05,60.3,61.0,2,6.62,6.57,3.98
0.53,62.7,56.0,1,5.23,5.13,3.25
0.32,62.0,55.0,1,4.4,4.44,2.74
1.07,62.4,57.0,2,6.59,6.51,4.09
1.21,62.6,59.0,2,6.77,6.67,4.21
0.37,61.7,56.0,1,4.63,4.61,2.85
1.07,62.6,54.0,2,6.58,6.5,4.1
0.41,61.8,56.0,1,4.81,4.77,2.96
0.9,64.2,62.0,2,6.0,6.08,3.88
0.7,62.0,60.0,1,5.65,5.7,3.52
1.22,61.9,60.0,2,6.88,6.82,4.24
1.27,62.7,58.0,2,6.88,6.91,4.32
0.5,61.5,55.0,1,5.11,5.16,3.16
0.43,61.9,56.0,1,4.88,4.85,3.01
1.02,62.0,56.0,2,6.42,6.45,3.99
1.0,60.8,60.0,2,6.45,6.42,3.91
1.5,60.7,55.0,2,7.39,7.44,4.5
1.07,62.0,56.0,2,6.58,6.52,4.06
1.01,62.5,58.0,2,6.42,6.37,4.0
1.23,61.7,58.0,2,6.85,6.95,4.26
1.01,62.7,58.0,2,6.38,6.32,3.98
0.33,60.8,57.0,1,4.44,4.47,2.71
0.7,58.8,59.0,1,5.92,5.84,3.44
1.08,62.6,58.0,2,6.53,6.56,4.1
0.3,62.2,55.0,1,4.31,4.28,2.67
1.76,62.2,56.0,2,7.73,7.7,4.8
0.7,62.1,54.0,1,5.72,5.74,3.56
0.73,61.6,62.0,1,5.76,5.71,3.53
0.91,60.9,54.0,2,6.38,6.27,3.85
0.44,61.5,57.0,1,4.87,4.88,3.0
1.3,61.8,59.0,2,6.99,6.95,4.31
0.58,61.8,55.0,1,5.35,5.39,3.32
1.21,62.3,58.0,2,6.82,6.79,4.24
0.38,61.8,59.0,1,4.64,4.61,2.86
0.32,62.2,55.0,1,4.35,4.37,2.71
0.72,62.3,57.0,2,5.72,5.74,3.57
0.92,60.7,59.0,2,6.34,6.25,3.82
1.54,62.4,59.0,2,7.36,7.38,4.6
0.34,62.2,55.0,1,4.47,4.49,2.79
0.55,60.9,56.0,1,5.31,5.34,3.24
1.01,58.8,58.0,2,6.59,6.51,3.85
1.7,63.2,57.0,2,7.63,7.55,4.8
0.57,61.0,57.0,1,5.34,5.31,3.25
0.73,61.5,55.0,1,5.79,5.85,3.58
0.56,60.8,57.0,1,5.35,5.42,3.28
1.51,62.2,56.0,3,7.31,7.36,4.56
0.53,60.3,54.0,1,5.29,5.33,3.2
2.34,61.7,60.0,3,8.59,8.53,5.28
1.32,61.0,56.0,2,7.09,7.07,4.32
0.7,65.5,57.0,1,5.56,5.43,3.6
1.1,62.5,56.0,2,6.56,6.63,4.12
0.53,62.9,58.0,1,5.16,5.18,3.25
1.0,58.9,56.0,2,6.53,6.51,3.84
2.02,62.0,56.0,3,8.06,8.13,5.02
0.31,62.7,57.0,1,4.33,4.31,2.71
0.51,61.0,55.0,1,5.21,5.11,3.15
1.05,62.3,55.0,2,6.53,6.5,4.06
1.25,60.4,59.0,2,7.02,6.95,4.22
0.32,61.5,57.0,1,4.42,4.4,2.71
0.51,60.1,57.0,1,5.23,5.19,3.13
0.7,61.0,58.0,1,5.78,5.72,3.51
0.7,61.3,57.0,1,5.66,5.7,3.48
0.8,62.4,55.0,2,5.92,5.88,3.68
0.7,59.9,60.0,1,5.77,5.84,3.48
0.3,63.4,57.0,1,4.24,4.21,2.68
0.3,61.8,54.0,1,4.34,4.37,2.69
0.38,61.0,58.0,1,4.67,4.71,2.86
0.38,61.2,57.0,1,4.71,4.67,2.87
0.91,61.2,58.0,2,6.25,6.21,3.81
0.57,61.6,56.0,1,5.38,5.34,3.3
0.74,61.6,57.0,1,5.77,5.83,3.57
0.55,61.1,55.0,1,5.3,5.33,3.25
0.71,62.2,56.0,1,5.7,5.72,3.55
1.14,61.3,57.0,2,6.69,6.78,4.13
0.25,62.5,56.0,1,4.06,4.03,2.53
2.01,62.3,59.0,3,8.02,8.1,5.02
0.78,61.1,56.0,1,5.95,5.97,3.64
1.01,60.3,57.0,2,6.46,6.51,3.91
0.32,62.4,55.0,1,4.39,4.36,2.73
0.64,62.3,56.0,1,5.53,5.49,3.43
0.4,62.4,56.0,1,4.74,4.72,2.95
0.74,60.9,61.0,1,5.84,5.75,3.53
0.99,62.8,57.0,2,6.3,6.38,3.98
1.24,63.0,55.0,2,6.84,6.81,4.3
1.25,63.7,58.0,2,6.81,6.79,4.33
0.5,61.3,59.0,1,5.05,5.1,3.11
1.06,62.6,60.0,2,6.43,6.47,4.04
0.9,61.9,59.0,1,6.18,6.16,3.82
1.09,61.3,55.9,2,6.61,6.65,4.06
0.75,60.8,56.0,2,5.91,5.89,3.59
0.5,61.1,57.0,1,5.13,5.15,3.14
2.05,61.8,60.0,3,8.19,8.14,5.05
1.53,61.6,56.0,2,7.34,7.39,4.54
0.54,60.6,60.0,1,5.31,5.29,3.21
1.01,61.0,59.0,2,6.44,6.41,3.92
0.77,61.7,61.0,1,5.93,5.9,3.65
1.02,62.4,59.0,2,6.45,6.4,4.01
0.4,59.9,60.0,1,4.78,4.74,2.85
0.38,62.1,55.0,1,4.64,4.67,2.89
0.58,62.0,55.0,1,5.32,5.4,3.31
1.03,60.4,58.0,2,6.48,6.56,3.94
1.07,62.4,55.0,2,6.53,6.57,4.09
0.42,61.1,55.0,1,4.82,4.86,2.96
0.4,63.4,59.0,1,4.66,4.64,2.95
0.56,60.3,58.0,1,5.35,5.4,3.24
1.74,59.9,59.0,2,7.88,7.8,4.7
0.54,62.3,60.0,1,5.22,5.18,3.24
0.41,62.3,57.0,1,4.78,4.75,2.97
1.5,61.3,56.0,3,7.41,7.37,4.53
0.32,62.0,58.0,1,4.4,4.37,2.72
0.84,59.9,59.0,1,6.13,6.2,3.69
0.41,60.5,57.0,1,4.81,4.85,2.92
0.37,62.3,54.0,1,4.57,4.65,2.87
0.31,60.8,56.0,1,4.41,4.43,2.69
1.01,63.3,58.0,2,6.31,6.4,4.02
0.41,60.3,60.0,1,4.76,4.8,2.88
2.01,63.3,61.0,3,7.86,7.8,4.96
0.32,61.3,60.0,1,4.33,4.38,2.67
1.16,62.5,55.0,2,6.75,6.69,4.2
0.34,62.1,54.0,1,4.52,4.5,2.8
0.3,61.0,56.0,1,4.33,4.39,2.66
0.39,61.6,56.0,1,4.69,4.73,2.9
2.01,63.6,57.0,3,7.95,7.87,5.03
2.02,57.9,62.0,3,8.28,8.36,4.82
1.52,61.2,63.0,2,7.39,7.31,4.5
0.41,61.4,54.0,1,4.84,4.77,2.95
1.22,62.0,58.0,2,6.86,6.89,4.26
1.03,62.1,57.0,2,6.44,6.47,4.01
0.34,61.4,59.0,1,4.52,4.47,2.76
0.41,62.7,55.0,1,4.72,4.76,2.97
1.32,58.0,66.0,3,7.31,7.28,4.23
0.31,61.3,55.0,1,4.35,4.38,2.67
1.54,63.6,60.0,2,7.33,7.3,4.65
0.73,61.1,57.0,1,5.8,5.82,3.55
1.2,63.3,59.0,2,6.72,6.64,4.23
1.01,62.7,57.0,2,6.3,6.34,3.96
1.08,59.3,57.0,2,6.74,6.71,3.99
1.17,63.8,58.0,2,6.57,6.73,4.24
1.51,58.6,62.0,3,7.58,7.53,4.43
1.24,60.5,58.0,2,6.94,7.0,4.22
1.53,61.6,58.0,2,7.37,7.4,4.55
1.32,62.0,54.0,2,7.05,7.06,4.37
0.7,62.4,59.0,1,5.55,5.64,3.49
0.4,60.4,61.0,1,4.77,4.74,2.87
0.4,61.4,58.0,1,4.75,4.73,2.91
1.52,60.1,60.0,2,7.45,7.39,4.46
0.53,61.0,56.0,1,5.19,5.23,3.18
1.63,61.8,58.0,3,7.57,7.49,4.65
0.9,65.8,59.0,2,6.0,6.04,3.96
0.38,61.8,56.0,1,4.65,4.67,2.88
0.32,60.6,59.0,1,4.44,4.4,2.68
0.41,62.1,56.0,1,4.74,4.76,2.95
0.34,61.0,55.0,1,4.54,4.56,2.77
2.01,62.3,63.0,3,8.07,7.96,4.99
1.01,61.7,58.0,2,6.48,6.42,3.98
1.0,60.2,59.0,2,6.5,6.39,3.88
1.51,60.9,56.0,2,7.38,7.26,4.46
0.55,60.7,57.0,1,5.3,5.27,3.21
0.46,61.2,57.0,1,4.96,5.0,3.05
0.25,62.0,54.0,1,4.06,4.07,2.52
0.33,62.6,57.0,1,4.42,4.37,2.75
0.62,61.9,55.0,1,5.46,5.19,3.39
0.33,62.1,55.0,1,4.43,4.46,2.76
1.76,62.8,55.0,3,7.74,7.7,4.85
0.7,61.9,55.0,2,5.67,5.71,3.52
0.41,62.3,54.0,1,4.77,4.8,2.98
1.55,62.1,59.0,3,7.34,7.37,4.57
0.73,60.5,57.0,1,5.84,5.76,3.51
0.35,61.2,56.0,1,4.56,4.59,2.8
1.03,64.3,58.0,2,6.31,6.28,4.05
1.19,62.2,58.0,2,6.77,6.73,4.2
0.31,61.2,58.0,1,4.35,4.38,2.67
1.71,60.3,60.0,3,7.69,7.77,4.66
0.51,61.4,58.0,1,5.17,5.14,3.16
2.06,64.1,56.0,2,7.97,8.09,5.15
0.3,61.4,57.0,1,4.34,4.36,2.67
1.0,61.3,54.0,2,6.39,6.37,3.91
0.88,60.7,55.0,2,6.28,6.22,3.79
1.63,61.5,60.0,2,7.59,7.54,4.65
2.01,61.2,62.0,3,8.18,8.12,4.99
1.51,62.6,63.0,2,7.24,7.29,4.55
1.7,62.6,54.1,2,7.58,7.63,4.77
0.9,61.4,55.0,2,6.19,6.28,3.83
0.55,60.9,56.0,1,5.29,5.35,3.24
2.01,62.5,61.0,3,7.97,8.03,5.0
0.7,62.2,55.0,1,5.67,5.71,3.54
1.25,62.2,60.0,2,6.83,6.8,4.24
0.92,63.4,57.0,2,6.11,6.17,3.89
1.1,63.0,59.0,2,6.5,6.47,0.0
0.31,63.4,57.0,1,4.32,4.36,2.75
0.34,59.2,59.0,1,4.54,4.58,2.7
0.31,62.1,54.0,1,4.34,4.39,2.71
0.9,61.7,58.0,2,6.17,6.21,3.82
1.05,59.0,59.0,2,6.71,6.68,3.95
0.43,60.7,57.0,1,4.88,4.91,2.97
0.3,61.4,60.0,1,4.27,4.3,2.63
0.36,61.2,63.0,1,4.59,4.56,2.8
2.02,62.1,61.0,3,8.06,7.99,4.98
2.04,59.8,59.0,3,8.3,8.23,4.94
0.34,61.8,55.0,1,4.49,4.51,2.78
1.04,62.7,54.0,2,6.51,6.47,4.07
1.25,62.6,56.0,2,6.89,6.84,4.3
0.51,62.8,61.0,1,5.06,5.07,3.18
0.73,62.5,61.0,1,5.78,5.64,3.59
0.62,63.0,56.0,1,5.43,5.36,3.4
0.32,60.9,57.0,1,4.48,4.45,2.72
0.4,57.3,60.0,1,4.84,4.89,2.79
0.36,62.0,57.0,1,4.54,4.58,2.82
0.84,62.6,58.0,1,6.01,5.98,3.75
0.54,60.1,61.0,1,5.3,5.38,3.21
0.32,61.6,56.0,1,4.4,4.43,2.72
0.32,61.0,59.0,1,4.38,4.41,2.68
0.7,63.5,56.0,1,5.64,5.45,3.52
1.35,61.5,56.0,2,7.12,7.15,4.39
1.46,62.8,57.0,2,7.13,7.21,4.5
1.5,63.9,59.0,2,7.25,7.18,4.61
0.52,62.4,55.0,1,5.15,5.17,3.22
0.5,61.1,61.0,1,5.11,5.13,3.13
0.71,62.2,55.1,1,5.7,5.72,3.55
0.56,61.8,55.0,1,5.27,5.31,3.27
0.23,63.2,58.0,1,3.86,3.89,2.45
0.76,62.3,57.0,2,5.79,5.84,3.62
0.3,63.6,57.0,1,4.22,4.24,2.69
0.51,62.7,59.0,1,5.09,5.05,3.18
0.72,60.8,57.0,2,5.77,5.8,3.52
0.36,62.1,56.0,1,4.58,4.6,2.85
0.61,61.6,54.0,1,5.45,5.49,3.37
1.03,62.4,57.0,2,6.44,6.47,4.03
1.83,62.9,55.0,2,7.9,7.78,4.93
0.75,63.5,56.0,1,5.75,5.71,3.64
0.32,61.4,57.0,1,4.41,4.45,2.72
0.97,62.3,56.0,2,6.28,6.33,3.93
0.24,60.9,61.0,1,4.02,4.03,2.45
1.46,59.7,59.0,2,7.36,7.39,4.4
0.72,62.5,56.0,1,5.71,5.74,3.58
0.31,61.6,59.0,1,4.31,4.33,2.66
0.34,61.0,57.0,1,4.51,4.48,2.74
0.35,62.0,53.6,1,4.53,4.55,2.81
1.01,63.0,57.0,2,6.28,6.35,3.98
0.6,61.9,55.0,2,5.41,5.45,3.36
0.7,59.2,60.0,1,5.87,5.78,3.45
1.51,62.7,57.0,3,7.33,7.38,4.61
1.01,60.0,57.0,2,6.53,6.6,3.94
0.31,62.1,56.0,1,4.33,4.27,2.67
0.41,61.7,56.0,1,4.79,4.83,2.97
2.05,58.6,59.0,3,8.43,8.36,4.92
2.01,61.7,59.0,3,8.01,8.09,4.97
1.01,62.7,57.0,2,6.33,6.42,4.0
0.36,61.3,56.0,1,4.59,4.61,2.82
0.33,60.8,57.0,1,4.5,4.51,2.74
0.5,61.6,62.0,1,5.04,5.09,3.12
0.74,61.9,56.0,1,5.8,5.83,3.6
0.7,61.2,56.0,2,5.68,5.75,3.5
0.4,60.6,56.0,1,4.82,4.78,2.91
0.3,60.8,65.0,1,4.29,4.26,2.6
1.01,60.5,60.0,2,6.45,6.47,3.91
1.13,60.7,58.0,2,6.72,6.75,4.09
0.51,62.3,57.0,1,5.12,5.09,3.18
0.37,60.2,60.0,1,4.63,4.68,2.8
0.34,62.1,59.0,1,4.5,4.46,2.78
0.79,62.3,55.0,1,5.9,5.94,3.69
0.41,62.1,54.0,1,4.81,4.76,2.97
1.2,62.5,57.0,2,6.72,6.79,4.22
0.53,61.5,57.0,1,5.26,5.21,3.22
0.5,62.3,57.0,1,5.04,5.08,3.15
0.73,62.3,54.0,2,5.77,5.8,3.6
0.56,61.3,54.0,1,5.34,5.37,3.28
0.9,61.5,59.0,2,6.13,6.19,3.79
1.51,61.2,59.0,2,7.4,7.38,4.52
1.21,61.8,59.0,2,6.75,6.78,4.18
0.62,59.2,59.0,1,5.58,5.56,3.3
1.12,62.1,56.0,2,6.63,6.67,4.13
1.5,60.8,58.0,2,7.36,7.42,4.49
0.9,63.4,58.0,2,6.08,6.01,3.83
0.31,61.9,56.0,1,4.34,4.32,2.68
1.13,62.5,57.0,2,6.68,6.63,4.16
0.52,62.7,57.0,1,5.15,5.12,3.22
0.41,61.0,59.0,1,4.77,4.83,2.93
0.74,62.4,59.0,2,5.73,5.8,3.6
1.53,61.4,59.0,3,7.4,7.42,4.55
0.71,61.4,58.0,1,5.77,5.73,3.53
1.05,59.4,59.0,2,6.62,6.65,3.94
0.33,61.1,58.0,1,4.43,4.47,2.72
1.04,62.8,56.0,2,6.49,6.45,4.06
1.72,61.1,58.0,3,7.73,7.69,4.71
0.5,62.3,60.0,1,5.07,5.1,3.17
1.58,59.1,59.0,2,7.68,7.59,4.51
1.0,61.6,62.0,2,6.3,6.37,3.9
0.36,60.3,60.0,1,4.64,4.58,2.78
0.51,61.3,59.0,1,5.17,5.11,3.15
0.78,58.0,61.0,1,6.07,6.13,3.54
1.21,61.0,57.0,2,6.88,6.85,4.19
0.3,62.5,54.0,1,4.3,4.34,2.7
1.01,65.2,56.0,2,6.23,6.19,4.05
0.35,60.0,61.0,1,4.6,4.57,2.75
0.91,61.3,67.0,1,6.24,6.19,3.81
0.71,60.3,58.0,1,5.72,5.78,3.47
2.01,61.8,61.0,3,8.06,7.97,4.95
0.7,66.0,56.0,1,5.59,5.56,3.68
0.4,63.5,55.0,1,4.72,4.67,2.98
1.5,61.8,56.0,3,7.27,7.34,4.52
0.5,62.2,54.0,1,5.08,5.12,3.17
0.39,61.7,56.1,1,4.65,4.7,2.89
0.73,61.8,56.0,1,5.76,5.83,3.58
1.7,62.3,58.1,3,7.57,7.66,4.74
1.2,60.9,59.0,2,6.87,6.79,4.16
0.32,61.1,58.0,1,4.42,4.45,2.71
0.53,61.4,55.0,1,5.24,5.21,3.21
1.67,61.8,56.0,3,7.6,7.57,4.69
0.5,62.1,57.0,1,5.1,5.05,3.15
0.41,63.4,57.0,1,4.73,4.7,2.99
1.01,61.7,59.0,2,6.44,6.37,3.95
0.31,62.2,59.0,1,4.3,4.35,2.69
0.7,58.7,60.0,2,5.79,5.83,3.41
0.31,61.4,54.0,1,4.38,4.41,2.7
0.52,63.3,57.0,1,5.11,5.08,3.22
1.21,61.1,58.0,2,6.9,6.87,4.21
0.27,61.6,57.0,1,4.12,4.16,2.55
0.5,62.3,58.0,1,5.11,5.06,3.17
0.91,63.4,59.0,2,6.2,6.14,3.91
1.77,63.4,60.0,2,7.65,7.61,4.84
1.0,65.5,54.0,2,6.2,6.16,4.05
1.0,62.7,59.0,2,6.3,6.37,3.97
0.6,60.7,58.0,1,5.43,5.45,3.3
0.86,64.3,60.0,1,5.97,5.95,3.83
0.7,63.5,56.0,1,5.64,5.45,3.52
2.4,62.6,59.0,3,8.53,8.49,5.33
0.53,62.8,55.0,1,5.21,5.17,3.26
0.74,61.7,55.0,2,5.85,5.79,3.59
0.87,61.4,54.0,2,6.15,6.2,3.79
2.01,61.5,60.0,3,8.12,8.01,4.96
0.78,61.6,56.0,1,5.94,5.91,3.64
1.21,61.2,57.0,2,6.87,6.82,4.19
1.0,63.6,61.0,2,6.25,6.21,3.96
1.08,61.1,56.0,2,6.59,6.63,4.04
0.71,62.9,57.0,1,5.67,5.62,3.55
0.3,62.0,58.0,1,4.28,4.3,2.66
0.46,61.4,59.7,1,4.94,4.97,3.05
0.73,61.3,57.0,1,5.82,5.8,3.56
0.5,60.6,59.0,1,5.13,5.16,3.12
0.75,63.0,58.0,1,5.76,5.79,3.64
1.08,61.6,56.0,2,6.6,6.65,4.08
1.61,61.6,56.0,2,7.52,7.54,4.64
0.3,62.6,56.0,1,4.34,4.29,2.7
1.13,62.2,59.0,2,6.67,6.61,4.13
0.3,61.4,55.0,1,4.37,4.32,2.67
0.7,62.7,57.0,1,5.62,5.6,3.52
0.43,61.7,54.0,1,4.86,4.9,3.01
1.35,62.8,59.0,2,7.04,7.01,4.41
0.56,62.2,55.0,1,5.29,5.32,3.3
1.06,62.0,57.0,2,6.52,6.54,4.05
1.7,62.9,58.0,2,7.54,7.67,4.79
0.41,63.2,59.0,1,4.72,4.68,2.97
1.09,61.9,57.0,2,6.63,6.58,4.09
0.66,61.4,56.0,1,5.62,5.65,3.46
1.14,60.4,60.0,2,6.78,6.73,4.08
1.21,62.5,60.0,2,6.77,6.7,4.21
0.57,61.0,56.0,1,5.37,5.32,3.26
1.04,62.4,54.0,2,6.46,6.53,4.05
0.62,61.5,57.0,1,5.44,5.49,3.36
0.39,60.6,57.0,1,4.75,4.79,2.89
1.0,62.8,57.0,2,6.37,6.31,3.98
0.55,61.6,56.0,1,5.23,5.29,3.24
0.84,65.0,57.2,2,5.83,5.87,3.81
1.01,63.1,56.0,2,6.4,6.34,4.02
0.47,62.7,55.0,1,5.08,4.95,3.15
0.3,62.4,56.0,1,4.27,4.3,2.67
0.51,62.3,55.0,1,5.14,5.1,3.19
0.31,60.7,56.0,1,4.4,4.37,2.66
1.52,65.8,57.0,2,7.18,7.11,4.7
3.65,67.1,53.0,2,9.53,9.48,6.38
0.56,62.8,56.0,1,5.28,5.23,3.3
0.52,63.2,57.0,1,5.09,5.1,3.22
1.53,61.1,58.0,2,7.45,7.41,4.54
1.09,61.4,57.0,2,6.61,6.65,4.07
0.7,59.9,58.0,1,5.73,5.69,3.42
0.39,60.2,59.0,1,4.74,4.76,2.86
0.4,62.2,62.0,1,4.69,4.66,2.91
0.28,62.6,55.0,1,4.2,4.23,2.64
0.71,61.6,56.0,2,5.73,5.75,3.53
0.7,61.4,57.0,1,5.67,5.69,3.49
0.3,62.6,54.0,1,4.31,4.32,2.7
0.42,62.8,57.8,1,4.8,4.83,3.03
0.7,62.1,58.0,1,5.66,5.71,3.53
0.38,61.3,57.0,1,4.62,4.68,2.85
1.01,58.5,61.0,2,6.51,6.61,3.84
1.49,64.3,59.0,2,7.2,7.1,4.6
1.21,62.3,58.0,2,6.77,6.74,4.21
0.5,66.9,57.0,1,4.95,4.83,3.27
0.4,61.4,55.0,1,4.79,4.76,2.93
0.31,61.8,56.0,1,4.34,4.36,2.69
0.33,62.4,57.0,1,4.39,4.43,2.75
0.5,67.6,56.0,1,5.02,4.89,3.35
0.82,62.2,59.0,1,6.03,5.97,3.73
0.7,62.9,59.0,1,5.62,5.67,3.55
0.35,61.1,57.0,1,4.55,4.58,2.79
0.4,61.6,55.0,1,4.75,4.79,2.94
0.71,60.5,56.0,2,5.81,5.84,3.53
0.7,62.6,59.0,1,5.69,5.66,3.55
1.01,61.3,56.0,2,6.49,6.44,3.96
1.01,62.3,55.0,2,6.43,6.37,3.99
0.32,63.1,56.0,1,4.38,4.34,2.75
0.58,60.6,57.0,2,5.38,5.41,3.27
0.51,58.9,60.0,1,5.19,5.24,3.07
0.5,61.7,60.0,1,5.06,5.02,3.11
0.7,61.0,59.0,1,5.69,5.75,3.49
1.23,62.1,59.0,2,6.83,6.79,4.23
1.01,63.5,58.0,2,6.39,6.34,4.04
1.09,62.4,55.0,2,6.55,6.6,4.1
0.34,62.7,59.0,1,4.41,4.43,2.77
0.91,61.3,60.0,2,6.2,6.17,3.79
1.01,63.4,56.0,2,6.32,6.37,4.02
0.29,60.2,56.0,1,4.29,4.33,2.59
0.6,65.3,56.0,1,5.21,5.26,3.42
0.91,62.9,56.0,2,6.21,6.13,3.88
2.01,61.1,59.0,3,8.07,8.04,4.92
0.33,61.6,60.0,1,4.46,4.41,2.73
1.57,59.9,57.0,2,7.56,7.52,4.52
0.91,59.6,60.0,2,6.29,6.25,3.74
1.18,63.5,57.0,2,6.75,6.8,4.3
0.32,61.2,57.0,1,4.43,4.4,2.7
0.3,61.1,57.0,1,4.32,4.35,2.65
0.41,61.3,56.0,1,4.77,4.79,2.93
0.71,59.6,63.0,1,5.8,5.71,3.44
0.5,62.3,58.0,1,5.09,5.15,3.19
0.37,61.4,56.0,1,4.63,4.65,2.85
0.3,62.4,60.0,1,4.23,4.29,2.66
0.71,61.4,57.0,1,5.71,5.75,3.52
1.02,63.0,57.0,2,6.36,6.3,3.99
0.31,62.4,55.0,1,4.33,4.36,2.71
0.9,67.0,56.0,2,5.91,5.83,3.93
0.7,59.7,58.0,1,5.82,5.77,3.46
0.52,62.0,53.0,1,5.17,5.21,3.22
1.29,60.4,58.0,2,7.12,7.03,4.27
0.4,61.2,56.0,1,4.74,4.77,2.91
0.9,61.6,55.0,2,6.2,6.22,3.82
0.56,61.7,56.0,1,5.33,5.3,3.28
0.41,61.7,56.0,1,4.79,4.81,2.96
0.63,59.9,64.0,1,5.63,5.58,3.36
1.52,59.7,57.0,3,7.48,7.5,4.47
0.36,61.5,59.0,1,4.6,4.57,2.82
1.27,61.7,56.0,2,6.9,7.03,4.3
0.34,63.0,55.0,1,4.47,4.42,2.8
0.71,63.6,60.0,1,5.64,5.61,3.58
0.41,60.0,59.0,1,4.78,4.82,2.88
0.3,61.6,54.0,1,4.33,4.37,2.68
0.36,63.6,57.0,1,4.53,4.49,2.87
1.7,60.9,60.0,3,7.71,7.68,4.69
0.3,63.8,56.0,1,4.26,4.3,2.73
0.37,61.6,55.0,1,4.62,4.63,2.85
0.3,61.6,61.0,1,4.23,4.28,2.62
1.09,61.5,54.0,2,6.64,6.65,4.09
0.9,62.4,58.0,2,6.11,6.16,3.83
1.0,59.6,60.0,2,6.43,6.49,3.85
0.32,61.0,59.0,1,4.39,4.43,2.69
0.52,62.2,55.0,1,5.16,5.22,3.23
0.51,61.4,56.0,1,5.14,5.18,3.17
1.71,62.4,59.0,2,7.63,7.6,4.75
1.03,62.5,59.0,2,6.44,6.42,4.02
0.7,62.1,55.0,2,5.72,5.77,3.57
1.02,61.5,57.0,2,6.55,6.5,4.01
1.07,61.3,57.0,2,6.6,6.62,4.05
1.33,62.6,57.0,3,7.04,6.99,4.39
0.74,62.1,56.0,1,5.83,5.79,3.61
0.54,61.4,57.0,1,5.2,5.23,3.2
0.5,62.9,60.0,1,5.1,5.07,3.2
2.05,59.5,58.0,3,8.26,8.3,4.93
0.75,62.9,56.0,1,5.76,5.72,3.61
1.0,62.9,60.0,2,6.3,6.35,3.98
1.0,61.6,55.0,2,6.42,6.34,3.93
1.01,61.8,58.0,2,6.4,6.42,3.96
0.51,63.0,57.0,1,5.14,5.11,3.23
0.24,61.3,56.0,1,4.0,4.03,2.46
0.9,62.4,58.0,2,6.12,6.16,3.83
1.01,66.9,58.0,1,6.13,6.07,4.08
0.56,62.6,58.0,1,5.22,5.32,3.31
0.28,61.8,56.0,1,4.18,4.22,2.6
1.2,63.8,60.0,2,6.6,6.65,4.23
0.34,60.2,60.0,1,4.5,4.54,2.72
1.0,57.6,62.0,2,6.62,6.5,3.78
1.64,61.9,58.0,2,7.58,7.54,4.68
0.91,62.7,58.0,2,6.14,6.17,3.86
0.5,60.8,61.0,1,5.04,5.09,3.08
1.51,58.6,62.0,2,7.51,7.45,4.38
1.1,61.7,57.0,2,6.67,6.65,4.11
1.04,61.2,55.0,2,6.54,6.56,4.01
0.9,62.8,59.0,2,6.16,6.13,3.86
1.07,62.4,55.6,2,6.48,6.55,4.07
0.41,63.2,57.0,1,4.76,4.74,3.0
1.01,67.8,59.0,2,6.07,6.02,4.1
0.31,62.6,57.0,1,4.27,4.33,2.69
0.5,62.4,57.0,1,5.07,5.03,3.15
0.35,61.0,58.0,1,4.56,4.52,2.77
0.79,62.1,56.0,2,5.89,5.93,3.67
0.71,62.8,59.0,1,5.62,5.66,3.54
1.0,55.9,60.0,2,6.77,6.71,4.38
0.36,61.2,56.0,1,4.61,4.64,2.83
0.98,59.6,60.0,1,6.43,6.3,3.79
0.53,62.3,55.0,1,5.2,5.17,3.23
0.52,62.0,57.0,1,5.16,5.13,3.19
0.3,61.7,58.0,1,4.28,4.37,2.67
0.32,63.0,57.0,1,4.35,4.38,2.75
0.28,58.7,60.0,1,4.31,4.34,2.54
0.32,62.2,57.0,1,4.38,4.36,2.72
1.05,62.1,58.0,2,6.54,6.5,4.05
0.72,62.1,58.0,1,5.76,5.73,3.57
0.43,61.7,57.0,1,4.83,4.86,2.99
0.31,62.2,54.0,1,4.36,4.39,2.72
0.6,61.5,56.0,1,5.44,5.47,3.35
1.21,60.4,54.0,2,6.86,6.89,4.15
1.33,62.8,52.0,2,7.15,7.06,4.46
0.33,62.2,54.0,1,4.43,4.45,2.76
0.32,59.8,57.0,1,4.51,4.46,2.68
1.11,60.9,57.0,2,6.77,6.69,4.1
0.31,62.2,53.0,1,4.37,4.38,2.72
1.01,62.5,58.0,2,6.43,6.4,4.01
0.27,61.8,56.0,1,4.17,4.19,2.58
0.33,61.4,57.0,1,4.45,4.48,2.74
1.02,62.8,59.0,2,6.39,6.44,4.03
0.3,63.2,55.0,1,4.26,4.29,2.7
1.51,55.8,61.0,2,7.72,7.63,4.28
0.3,61.0,58.0,1,4.3,4.33,2.63
1.5,62.9,58.0,2,7.31,7.21,4.57
0.57,61.9,57.7,1,5.32,5.34,3.3
0.53,63.4,56.0,1,5.16,5.18,3.28
0.32,61.8,56.0,1,4.39,4.41,2.72
0.33,62.2,53.0,1,4.47,4.5,2.79
0.32,60.5,57.0,1,4.44,4.48,2.7
1.21,64.6,59.0,2,6.74,6.64,4.32
0.33,62.6,57.0,1,4.45,4.47,2.79
2.01,60.1,59.0,3,8.25,8.18,4.94
0.88,63.2,56.0,2,6.04,6.09,3.83
0.31,63.0,54.0,1,4.37,4.33,2.74
0.73,59.9,59.0,1,5.87,5.77,3.5
0.56,61.3,55.0,1,5.31,5.33,3.26
1.5,60.5,60.0,2,7.31,7.4,4.45
0.55,61.8,55.0,1,5.28,5.3,3.27
0.38,60.5,59.0,1,4.66,4.69,2.83
0.77,63.0,65.0,1,5.82,5.74,3.64
1.16,64.2,59.0,2,6.66,6.61,4.26
0.32,62.2,55.0,1,4.4,4.38,2.73
0.9,63.3,59.0,2,6.08,6.12,3.86
0.75,62.5,55.0,1,5.82,5.77,3.62
2.01,59.9,65.0,3,8.0,8.07,4.81
0.73,61.7,55.0,1,5.8,5.84,3.59
0.4,62.9,57.0,1,4.69,4.72,2.96
1.13,59.4,58.0,2,6.74,6.8,4.02
0.52,61.7,56.0,1,5.16,5.18,3.19
0.36,63.5,54.0,1,4.55,4.59,2.9
0.74,63.4,55.0,2,5.78,5.76,3.66
0.38,61.9,53.5,1,4.66,4.69,2.9
0.36,62.8,55.0,1,4.52,4.55,2.85
0.74,60.9,57.0,1,5.83,5.89,3.57
0.93,63.8,58.0,2,6.14,6.09,3.9
0.57,61.7,56.0,1,5.3,5.37,3.29
0.3,62.0,54.2,1,4.31,4.33,2.68
0.9,63.0,61.0,2,6.14,6.05,3.84
1.51,62.4,59.0,3,7.25,7.28,4.53
0.81,62.9,58.0,2,5.94,5.88,3.72
0.91,62.3,57.0,2,6.21,6.25,3.88
0.51,61.4,54.0,1,5.15,5.18,3.17
1.05,61.6,57.0,2,6.51,6.54,4.02
1.27,59.8,57.0,2,7.08,7.01,4.22
2.04,63.0,58.0,3,8.03,8.1,5.08
1.5,59.6,60.0,3,7.49,7.41,4.44
0.41,60.5,63.0,1,4.77,4.81,2.9
1.51,63.0,60.0,2,7.3,7.25,4.58
0.4,60.4,59.0,1,4.76,4.75,2.87
1.27,61.0,61.0,2,7.01,6.95,4.26
2.02,61.9,61.0,3,8.06,8.02,4.98
1.03,63.1,56.0,2,6.43,6.38,4.04
1.02,63.1,58.0,2,6.38,6.34,4.01
0.7,61.5,56.0,2,5.7,5.75,3.52
0.3,60.3,62.0,1,4.33,4.3,2.6
1.01,60.9,62.0,2,6.52,6.49,3.96
1.02,61.2,59.0,2,6.51,6.46,3.97
1.01,62.6,56.0,2,6.39,6.36,3.99
0.73,62.3,55.0,1,5.76,5.77,3.59
0.34,62.7,56.0,1,4.45,4.48,2.8
1.02,59.4,58.0,2,6.52,6.62,3.9
0.92,62.1,53.0,2,6.25,6.22,3.87
0.74,62.3,57.0,2,5.79,5.77,3.6
0.53,61.8,55.0,1,5.21,5.24,3.23
0.31,62.4,60.0,1,4.34,4.32,2.7
0.76,64.3,60.0,1,5.69,5.64,3.64
0.91,59.9,61.0,2,6.2,6.33,3.75
1.07,59.4,57.0,2,6.74,6.69,3.99
1.01,60.8,58.0,2,6.43,6.4,3.9
0.9,62.7,59.0,2,6.12,6.17,3.85
1.25,60.6,57.0,2,6.97,6.99,4.23
0.92,59.4,62.0,2,6.36,6.34,3.77
0.5,63.0,56.0,1,5.07,5.02,3.18
1.25,60.6,60.0,2,6.92,6.95,4.2
0.5,59.6,60.0,1,5.15,5.18,3.08
1.02,61.6,60.0,2,6.51,6.42,3.98
1.01,62.9,60.0,2,6.33,6.43,4.01
2.01,62.2,61.0,3,8.08,8.04,5.01
0.31,61.4,58.0,1,4.32,4.35,2.66
0.4,60.5,57.0,1,4.79,4.76,2.89
0.76,61.3,55.0,2,5.87,5.91,3.61
1.03,61.7,54.0,2,6.56,6.5,4.03
0.36,61.8,59.0,1,4.57,4.55,2.82
0.36,61.6,56.0,1,4.62,4.64,2.85
0.71,63.4,54.0,1,5.6,5.67,3.57
0.71,62.0,56.0,2,5.71,5.74,3.55
0.55,61.2,55.0,1,5.28,5.3,3.24
0.51,61.5,56.0,1,5.12,5.15,3.16
0.72,61.6,55.0,2,5.76,5.8,3.56
0.31,62.6,59.0,1,4.33,4.3,2.7
0.52,63.8,56.0,1,5.07,5.12,3.25
0.3,61.6,61.0,1,4.33,4.28,2.65
0.7,60.1,60.0,2,5.73,5.76,3.45
1.02,61.1,62.0,2,6.54,6.49,3.98
0.3,62.5,59.0,1,4.28,4.3,2.68
0.31,60.5,60.0,1,4.4,4.33,2.64
0.43,61.1,56.0,1,4.9,4.86,2.98
0.31,62.1,55.0,1,4.37,4.33,2.7
0.56,62.1,57.0,1,5.27,5.3,3.28
0.34,63.7,57.0,1,4.45,4.44,2.83
1.51,60.6,60.0,3,7.4,7.42,4.49
0.42,60.8,59.0,1,4.85,4.79,2.93
1.04,62.6,55.0,2,6.49,6.42,4.04
0.91,59.8,59.0,2,6.28,6.23,3.74
0.76,62.6,61.9,1,5.7,5.75,3.58
0.8,61.4,56.0,1,5.99,5.96,3.67
2.07,62.0,58.0,3,8.17,8.09,5.04
0.72,63.3,56.0,2,5.67,5.71,3.6
0.33,61.4,54.0,1,4.47,4.49,2.75
1.0,61.2,60.0,2,6.45,6.42,3.94
0.7,62.4,55.0,2,5.65,5.69,3.54
2.14,60.1,58.0,3,8.41,8.37,5.04
0.36,60.0,62.0,1,4.58,4.62,2.76
0.7,62.6,55.0,2,5.66,5.68,3.55
0.41,61.0,57.0,1,4.81,4.76,2.92
1.09,61.3,56.0,2,6.71,6.66,4.1
1.5,61.9,61.0,2,7.31,7.38,4.55
0.7,64.3,63.0,1,5.55,5.58,3.58
1.27,61.0,57.0,3,6.98,7.02,4.27
0.35,62.1,59.0,1,4.49,4.46,2.78
0.41,62.9,57.0,1,4.73,4.75,2.98
0.5,62.3,60.0,1,5.16,5.08,3.19
0.9,62.5,58.0,2,6.08,6.14,3.82
0.32,61.7,56.0,1,4.4,4.42,2.72
0.31,60.0,62.0,1,4.44,4.4,2.65
0.58,61.9,57.0,1,5.37,5.33,3.31
0.32,61.7,57.0,1,4.44,4.41,2.73
1.01,60.8,56.0,2,6.53,6.49,3.96
1.01,62.8,59.0,2,6.34,6.37,3.99
0.7,63.1,56.0,1,5.6,5.51,3.51
1.12,58.5,60.0,2,6.83,6.89,4.01
1.67,61.9,56.0,2,7.64,7.6,4.72
0.36,61.6,57.0,1,4.58,4.54,2.81
0.9,62.3,59.0,1,6.15,6.18,3.84
0.42,62.2,53.0,1,4.85,4.86,3.02
1.24,62.7,58.0,2,6.79,6.86,4.28
1.4,62.2,58.0,2,7.16,7.12,4.44
0.32,62.1,57.0,1,4.37,4.42,2.73
1.52,62.8,55.0,3,7.3,7.35,4.6
0.31,60.4,60.0,1,4.4,4.44,2.67
0.31,62.4,54.0,1,4.31,4.35,2.7
1.02,58.0,58.0,2,6.84,6.6,3.9
2.25,62.4,56.0,3,8.4,8.37,5.23
0.88,61.7,56.0,2,6.14,6.18,3.8
0.38,56.2,61.0,1,4.84,4.87,2.73
0.53,63.7,55.0,1,5.12,5.15,3.27
1.05,61.4,55.0,2,6.53,6.57,4.02
1.0,62.9,60.0,2,6.36,6.29,3.98
2.01,58.2,61.0,3,8.24,8.2,4.78
0.42,61.6,56.0,1,4.81,4.84,2.97
1.01,62.6,58.0,2,6.48,6.37,4.02
0.28,62.1,55.0,1,4.17,4.21,2.6
1.03,64.1,62.0,2,6.37,6.33,4.07
0.33,60.3,60.0,1,4.47,4.49,2.7
0.34,63.3,54.0,1,4.46,4.48,2.83
1.33,61.0,60.0,2,7.13,7.05,4.33
0.72,61.8,56.0,2,5.7,5.76,3.55
0.3,63.9,56.0,1,4.24,4.27,2.72
0.3,62.9,61.0,1,4.27,4.29,2.69
0.39,61.3,56.0,1,4.7,4.72,2.89
1.06,60.9,58.0,2,6.6,6.56,4.01
1.63,62.0,55.1,2,7.5,7.57,4.68
1.01,61.3,56.0,2,6.46,6.5,3.97
0.47,61.9,55.0,1,4.98,5.0,3.09
0.72,63.1,58.0,1,5.69,5.63,3.57
0.9,63.4,62.0,2,6.05,6.0,3.82
0.35,62.2,56.0,1,4.52,4.51,2.81
0.42,62.0,54.0,1,4.83,4.85,3.0
1.5,64.1,55.0,2,7.15,7.11,4.57
1.51,63.0,59.0,2,7.26,7.16,4.54
0.37,61.8,55.0,1,4.63,4.66,2.87
0.57,61.3,54.0,1,5.41,5.35,3.3
0.8,62.5,56.0,1,5.92,5.96,3.71
1.02,63.1,57.0,2,6.38,6.44,4.04
0.53,60.0,57.0,1,5.3,5.24,3.16
2.01,65.5,56.0,2,7.84,7.79,5.12
1.59,61.2,58.0,2,7.52,7.5,4.6
0.33,62.6,53.0,1,4.43,4.45,2.78
0.31,62.8,57.0,1,4.37,4.33,2.73
0.72,61.5,57.0,1,5.74,5.77,3.54
1.25,61.1,55.0,2,6.94,6.97,4.25
1.01,58.8,58.0,2,6.57,6.62,3.88
1.09,62.0,55.0,2,6.58,6.64,4.1
0.56,61.9,55.0,1,5.29,5.31,3.28
0.5,61.9,54.0,1,5.12,5.15,3.18
0.3,61.5,58.0,1,4.28,4.31,2.64
0.3,62.4,54.0,1,4.3,4.32,2.69
0.9,63.8,59.0,2,6.05,6.08,3.87
0.72,60.9,60.0,1,5.8,5.76,3.52
1.01,58.2,63.0,2,6.51,6.55,3.8
0.35,59.8,57.0,1,4.6,4.59,2.75
0.84,61.8,57.0,2,6.04,6.07,3.74
0.71,61.7,57.0,1,5.7,5.75,3.53
1.11,62.0,58.0,2,6.68,6.64,4.13
0.9,62.8,61.0,2,6.12,6.02,3.81
0.7,63.5,58.0,1,5.62,5.65,3.58
0.32,61.6,56.0,1,4.39,4.41,2.71
1.68,61.3,56.0,3,7.77,7.67,4.73
0.91,61.4,60.0,2,6.23,6.21,3.82
1.0,59.9,57.0,2,6.45,6.51,3.88
0.7,61.7,59.0,1,5.66,5.69,3.5
0.31,61.1,54.0,1,4.39,4.42,2.69
1.56,62.4,53.7,2,7.43,7.48,4.65
0.54,61.8,60.0,1,5.2,5.22,3.22
0.55,61.9,57.0,1,5.23,5.27,3.25
0.3,61.0,54.0,1,4.34,4.35,2.65
0.55,60.9,55.0,1,5.27,5.31,3.22
1.02,60.6,61.0,2,6.44,6.47,3.91
0.81,66.5,53.0,1,5.76,5.83,3.86
3.01,63.9,60.0,3,9.06,9.01,5.77
1.16,62.6,58.0,2,6.72,6.66,4.19
0.46,63.7,58.0,1,4.84,4.9,3.1
0.5,61.4,61.0,1,5.09,5.14,3.14
0.31,62.2,53.0,1,4.38,4.43,2.74
1.5,57.8,60.0,2,7.54,7.5,4.35
0.61,60.8,56.0,2,5.5,5.47,3.34
0.31,61.4,58.0,1,4.36,4.4,2.69
0.8,60.8,57.0,1,6.02,6.05,3.67
0.41,63.9,55.0,1,4.71,4.74,3.02
0.9,61.9,56.0,2,6.15,6.22,3.83
0.72,61.8,55.0,1,5.75,5.78,3.56
1.16,58.7,58.0,2,6.89,6.87,4.04
1.37,60.9,59.0,2,7.17,7.24,4.39
1.12,61.1,56.0,2,6.7,6.73,4.1
0.9,62.7,60.0,2,6.12,6.07,3.82
1.02,66.8,55.0,2,6.25,6.18,4.15
0.31,60.0,59.0,1,4.39,4.35,2.62
0.5,62.3,55.0,1,5.12,5.09,3.18
2.01,63.8,59.0,3,7.77,7.87,4.99
0.33,61.8,56.0,1,4.46,4.41,2.74
1.02,62.2,56.0,2,6.39,6.43,3.99
1.52,61.3,57.0,2,7.39,7.36,4.52
0.38,61.6,58.0,1,4.7,4.65,2.88
2.01,61.7,63.0,2,7.91,7.94,4.89
0.74,61.0,60.0,1,5.85,5.76,3.54
0.52,61.5,56.0,1,5.19,5.21,3.2
0.53,62.5,56.0,1,5.15,5.19,3.23
0.4,62.0,55.0,1,4.71,4.77,2.94
0.77,61.8,54.0,2,5.91,5.94,3.66
2.01,60.3,56.0,2,8.02,7.96,4.82
0.43,61.9,55.0,1,4.87,4.89,3.02
0.8,63.6,56.0,2,5.83,5.94,3.74
0.52,60.6,56.0,1,5.25,5.22,3.17
0.78,60.4,57.0,2,5.95,6.0,3.61
0.5,58.8,60.0,1,5.18,5.2,3.05
0.28,61.8,60.0,1,4.16,4.19,2.58
0.31,60.2,59.0,1,4.38,4.43,2.65
1.08,58.1,62.0,2,6.72,6.74,3.91
0.32,61.9,55.0,1,4.39,4.43,2.73
0.76,62.7,55.0,1,5.83,5.74,3.63
0.31,58.7,60.0,1,4.45,4.48,2.62
0.93,62.0,56.0,2,6.22,6.26,3.87
0.73,60.4,57.0,1,5.86,5.89,3.55
0.3,63.0,57.0,1,4.32,4.28,2.71
0.52,62.1,57.0,1,5.17,5.13,3.2
0.57,62.4,56.0,1,5.29,5.32,3.31
0.41,62.9,56.0,1,4.75,4.7,2.97
0.32,61.5,55.0,1,4.4,4.44,2.72
0.31,62.4,55.0,1,4.36,4.33,2.71
0.37,60.1,59.0,1,4.68,4.64,2.8
1.04,59.1,60.0,2,6.6,6.66,3.92
1.07,62.7,56.0,2,6.47,6.53,4.08
0.51,55.5,64.0,1,5.44,5.4,3.01
0.7,62.3,57.0,1,5.69,5.71,3.55
1.06,61.9,55.0,2,6.54,6.57,4.06
1.32,59.3,59.0,3,7.16,7.23,4.27
0.31,63.8,56.0,1,4.27,4.32,2.74
1.3,60.4,61.0,2,7.09,7.04,4.27
0.43,62.2,58.0,1,4.78,4.83,2.99
0.56,60.9,60.0,1,5.33,5.27,3.23
0.31,61.9,55.0,1,4.33,4.36,2.69
0.31,61.9,54.0,1,4.34,4.38,2.7
0.4,63.5,57.0,1,4.65,4.68,2.96
0.79,61.9,55.0,2,5.97,5.89,3.67
0.85,58.5,60.0,2,6.23,6.21,3.64
0.37,61.0,59.0,1,4.6,4.65,2.82
0.41,62.4,58.0,1,4.77,4.75,2.97
0.8,59.5,63.0,2,6.11,6.05,3.61
0.57,61.8,57.0,1,5.34,5.31,3.29
0.9,62.4,61.0,2,6.05,6.09,3.79
1.08,60.1,59.0,2,6.75,6.69,4.04
0.8,58.5,62.0,1,6.08,6.05,3.55
0.59,62.3,55.0,1,5.41,5.38,3.36
0.33,62.6,58.0,1,4.36,4.4,2.74
0.3,62.2,58.0,1,4.33,4.22,2.66
1.09,60.6,57.0,2,6.62,6.7,4.05
1.7,61.8,58.0,2,7.55,7.66,4.7
0.52,62.8,58.0,1,5.14,5.11,3.22
0.7,63.0,56.0,1,5.66,5.61,3.55
1.93,60.5,60.0,3,8.06,7.98,4.85
0.32,60.6,58.0,1,4.47,4.44,2.7
0.32,61.4,56.0,1,4.43,4.46,2.73
0.54,61.7,58.0,1,5.16,5.24,3.21
1.54,62.0,54.0,3,7.36,7.43,4.59
1.76,62.2,60.0,3,7.72,7.68,4.79
0.51,61.8,56.0,1,5.11,5.15,3.16
0.32,61.3,60.0,1,4.39,4.42,2.7
0.4,61.6,56.0,1,4.78,4.73,2.93
1.51,61.1,58.0,3,7.38,7.36,4.5
1.0,62.6,56.0,2,6.39,6.36,3.99
1.0,57.9,59.0,2,6.65,6.51,3.8
1.67,61.6,59.1,2,7.61,7.64,4.7
1.06,61.2,56.0,2,6.56,6.62,4.03
1.5,62.6,56.0,3,7.3,7.26,4.56
0.41,61.7,56.0,1,4.78,4.81,2.96
1.27,60.1,58.0,2,7.06,6.99,4.22
1.16,62.3,57.0,2,6.72,6.66,4.17
0.7,62.1,56.0,1,5.67,5.71,3.53
0.3,61.7,56.0,1,4.33,4.35,2.68
1.01,63.4,61.0,1,6.38,6.3,4.02
0.7,60.7,58.0,1,5.7,5.73,3.47
1.01,60.4,58.0,2,6.51,6.47,3.92
0.3,61.6,56.0,1,4.32,4.35,2.67
1.21,62.7,58.0,2,6.79,6.74,4.24
0.32,61.6,60.1,1,4.38,4.4,2.71
0.4,62.2,56.0,1,4.71,4.74,2.94
0.43,61.6,54.0,1,4.9,4.88,3.01
0.31,63.9,56.0,1,4.28,4.3,2.74
1.22,60.7,57.0,2,6.94,6.93,4.21
0.52,63.0,57.0,1,5.14,5.12,3.23
1.26,61.4,55.0,3,6.96,6.99,4.29
2.01,66.7,56.0,2,7.8,7.76,5.19
0.46,62.8,57.0,1,4.92,4.83,3.06
0.37,61.1,60.0,1,4.63,4.6,2.82
0.53,60.9,60.0,1,5.16,5.22,3.16
0.33,61.7,59.0,1,4.42,4.39,2.72
0.5,62.2,60.0,1,5.15,5.05,3.17
0.45,61.7,56.0,1,4.93,4.96,3.05
0.35,63.4,56.0,1,4.5,4.46,2.84
0.61,60.9,58.0,1,5.52,5.44,3.34
0.82,61.5,56.0,2,6.0,6.04,3.7
0.3,61.9,58.0,1,4.3,4.26,2.65
0.27,62.2,54.0,1,4.13,4.17,2.58
0.9,59.2,60.0,2,6.3,6.24,3.71
1.09,60.6,62.0,2,6.68,6.58,4.02
0.38,60.0,60.0,1,4.71,4.76,2.84
0.37,63.4,57.0,1,4.57,4.55,2.89
1.18,62.6,55.3,2,6.73,6.79,4.24
1.24,61.3,57.0,2,6.95,6.89,4.24
1.02,61.6,58.0,2,6.49,6.54,4.01
1.07,61.2,57.0,2,6.62,6.59,4.04
0.41,61.7,56.0,1,4.8,4.77,2.95
0.31,62.1,57.0,1,4.34,4.32,2.69
0.32,61.7,55.0,1,4.41,4.4,2.72
0.54,61.3,56.0,1,5.22,5.26,3.21
0.32,62.9,59.0,1,4.36,4.39,2.75
1.11,63.6,58.0,2,6.48,6.57,4.15
1.0,62.8,55.0,2,6.3,6.38,3.98
1.22,62.0,55.0,2,6.91,6.83,4.26
0.31,62.5,56.0,1,4.32,4.29,2.69
1.02,62.1,56.0,2,6.4,6.45,3.99
0.32,61.7,56.0,1,4.37,4.42,2.71
0.29,62.2,55.0,1,4.25,4.28,2.65
2.01,61.6,55.0,3,8.08,8.02,4.97
0.32,62.5,55.0,1,4.35,4.38,2.73
0.7,61.4,58.0,2,5.7,5.73,3.51
0.31,63.7,55.0,1,4.32,4.28,2.74
1.01,63.6,57.0,2,6.34,6.36,4.04
1.23,62.4,55.0,2,6.89,6.83,4.28
0.7,62.3,54.0,1,5.67,5.72,3.55
0.94,62.3,58.0,2,6.34,6.28,3.93
0.92,61.3,58.0,2,6.19,6.25,3.81
0.4,62.0,55.0,1,4.74,4.78,2.95
0.3,62.5,59.0,1,4.28,4.26,2.67
0.43,61.3,58.0,1,4.86,4.83,2.97
1.03,62.8,59.0,2,6.41,6.46,4.04
0.55,62.1,62.0,1,5.22,5.18,3.23
1.14,60.0,60.0,2,6.76,6.81,4.07
0.41,63.4,57.0,1,4.7,4.73,2.99
0.75,62.3,57.0,1,5.8,5.83,3.62
0.52,59.5,58.0,1,5.21,5.28,3.12
1.13,61.4,58.0,2,6.73,6.68,4.12
0.38,62.3,56.0,1,4.58,4.63,2.87
0.38,61.0,56.0,1,4.68,4.7,2.86
1.01,61.0,56.0,2,6.47,6.54,3.97
0.31,61.5,59.0,1,4.33,4.35,2.67
0.7,62.0,57.0,1,5.66,5.7,3.52
0.31,60.9,56.0,1,4.39,4.41,2.68
0.82,57.4,59.0,1,6.25,6.19,3.57
0.3,61.4,57.0,1,4.33,4.36,2.67
2.06,58.7,61.0,2,8.31,8.33,4.88
0.7,61.4,57.0,1,5.69,5.74,3.51
0.31,61.7,55.0,1,4.37,4.39,2.7
1.5,64.7,55.0,2,7.16,7.13,4.62
0.4,61.5,56.0,1,4.78,4.75,2.93
0.7,62.5,59.0,1,5.67,5.65,3.54
1.06,59.4,57.0,2,6.72,6.65,3.97
0.53,63.1,60.0,1,5.12,5.08,3.22
0.33,61.2,59.0,1,4.4,4.43,2.7
1.02,62.5,58.0,2,6.41,6.46,4.02
0.38,60.8,58.0,1,4.73,4.68,2.86
0.71,61.8,55.0,1,5.7,5.73,3.53
0.42,60.5,59.0,1,4.79,4.83,2.91
0.65,59.9,58.0,2,5.63,5.69,3.39
0.31,63.2,57.0,1,4.32,4.35,2.74
0.51,60.6,60.0,1,5.18,5.22,3.15
0.38,61.2,58.0,1,4.64,4.67,2.85
0.91,62.6,54.0,2,6.22,6.25,3.9
0.43,61.7,58.0,1,4.82,4.84,2.98
2.0,63.5,59.0,3,7.9,7.98,5.04
0.53,62.6,58.0,1,5.18,5.11,3.22
0.73,60.8,56.0,2,5.82,5.85,3.55
0.32,61.9,57.0,1,4.36,4.4,2.71
0.71,62.9,58.0,1,5.66,5.62,3.55
1.51,62.1,58.0,3,7.34,7.31,4.54
1.51,62.6,56.0,2,7.32,7.28,4.57
0.78,61.8,59.0,2,5.93,5.88,3.65
0.54,61.3,58.0,1,5.25,5.22,3.21
0.4,63.1,57.0,1,4.73,4.69,2.97
1.68,62.5,54.0,3,7.61,7.64,4.76
0.71,60.9,64.0,1,5.72,5.67,3.47
1.2,62.4,57.0,2,6.75,6.8,4.23
0.39,62.0,55.0,1,4.66,4.69,2.9
0.58,61.8,56.0,1,5.36,5.39,3.32
0.63,63.1,58.0,1,5.49,5.44,3.45
0.81,62.5,54.0,2,5.95,5.98,3.73
0.9,61.6,56.3,2,6.22,6.3,3.86
0.3,62.0,60.0,1,4.25,4.33,2.66
0.81,61.3,59.0,1,5.94,6.01,3.66
1.51,60.2,60.0,3,7.44,7.41,4.47
1.11,61.9,57.0,2,6.62,6.66,4.11
0.32,61.9,56.0,1,4.36,4.4,2.71
0.7,62.1,58.0,1,5.68,5.72,3.54
0.28,62.0,57.0,1,4.17,4.2,2.59
0.75,62.1,57.0,1,5.81,5.85,3.62
1.01,61.6,58.0,2,6.45,6.4,3.96
1.01,63.3,57.0,2,6.39,6.31,4.02
1.22,59.3,58.0,2,6.97,6.99,4.14
1.13,62.0,57.0,2,6.61,6.69,4.12
1.55,61.5,58.0,2,7.39,7.46,4.57
0.76,59.6,57.0,1,6.01,5.91,3.55
1.01,69.0,61.0,2,6.06,5.99,4.16
0.36,60.7,54.0,1,4.64,4.67,2.83
1.11,60.6,59.0,2,6.73,6.66,4.06
2.01,59.9,62.0,3,8.15,8.04,4.85
1.5,61.3,59.0,2,7.39,7.25,4.49
0.57,61.3,55.1,1,5.34,5.42,3.29
1.19,59.1,58.0,2,6.96,7.05,4.14
0.7,62.6,59.0,1,5.6,5.64,3.52
1.03,63.9,59.0,2,6.38,6.35,4.07
0.72,61.7,58.0,1,5.79,5.74,3.56
0.71,61.0,56.0,1,5.77,5.8,3.53
0.91,63.4,57.0,2,6.1,6.18,3.89
0.32,62.2,57.0,1,4.38,4.43,2.74
0.4,62.3,56.0,1,4.74,4.77,2.96
0.59,62.6,54.0,1,5.38,5.32,3.35
0.74,61.5,55.1,2,5.82,5.85,3.59
2.01,63.6,59.0,3,8.0,7.95,5.07
0.72,62.2,57.0,2,5.74,5.67,3.55
1.0,63.7,60.0,2,6.24,6.32,4.0
0.31,61.8,57.0,1,4.34,4.36,2.69
0.5,61.8,60.0,1,5.1,5.06,3.14
0.33,60.7,58.0,1,4.47,4.49,2.72
2.15,63.8,58.0,3,8.23,8.08,5.2
0.43,60.7,55.0,1,4.96,4.89,2.99
1.59,60.5,55.0,2,7.62,7.55,4.59
0.51,63.1,58.0,1,5.1,5.07,3.21
1.21,62.6,56.0,2,6.81,6.77,4.25
0.7,60.5,58.0,1,5.77,5.74,3.48
0.58,61.2,54.0,1,5.4,5.42,3.31
0.44,61.9,57.0,1,4.9,4.92,3.04
2.02,61.6,58.0,3,8.14,8.1,5.0
0.52,61.7,55.0,1,5.16,5.21,3.2
1.04,62.8,54.0,2,6.39,6.5,4.05
1.03,61.2,55.0,2,6.51,6.57,4.0
